Workbook

Sheet נתונים
A1: סימולציה: מחיר מטרה מול השקעה ב-S&P 500
A3: נתוני הדירה (מחיר מטרה)
A4: מחיר רכישה (מחיר מטרה) | B4: 3000000
A5: מחיר שוק נוכחי (להשוואה / ערך ההנחה) | B5: 3500000
A6: עליית מחירי הדיור בפועל - שנתי (אזור/פרויקט) | B6: 0 | C6: שיעור עליית הערך השנתי הצפוי של הדירה - גם לחישוב שווי הדירה בעתיד וגם לבסיס מס שבח
A7: תקופת החזקה לבחינה (שנים) | B7: 7
A9: מימון - משכנתא
A10: אחוז מימון | B10: 0.9
A11: הון עצמי | B11: =B4*(1-B10) -> 300000
A12: סכום משכנתא | B12: =B4-B11 -> 2700000
A13: תקופת משכנתא (שנים) | B13: 30
A14: ריבית משכנתא שנתית (ממוצעת משוקללת) | B14: 0.048
A16: הוצאות חד-פעמיות ברכישה
A17: מדד תשומות הבנייה (לתקופת הבנייה) | B17: 80000
A18: שדרוגים | B18: 70000
A19: עו"ד והוצאות רכישה (כולל מס רכישה אם חל) | B19: 20000
A20: ריהוט ומזגנים | B20: 40000
A21: סה"כ הוצאות חד פעמיות | B21: =SUM(B17:B20) -> 210000
A22: סה"כ הון "ננעל" בדירה (הון עצמי + הוצאות חד פעמיות) | B22: =B11+B21 -> 510000
A24: הוצאות שוטפות חודשיות על הדירה
A25: ביטוח (מבנה + חיים) - חודשי | B25: 250
A26: ועד בית / אחזקה - חודשי | B26: 0
A27: סה"כ הוצאות שוטפות חודשי | B27: =B25+B26 -> 250
A29: שכירות
A30: שכר דירה נוכחי - אם תמשיך לגור בשכירות | B30: 6500 | C30: אם תקנה ותגור בדירה - זה שכר הדירה שתחסוך / שתשתמש לצורך השוואה
A31: עליית שכר דירה שנתית | B31: 0.02
A32: הכנסה משכירות חודשית - אם תשכיר את הדירה החדשה | B32: =B5*0.03/12 -> 8750
A33: חודשי ריקנות בשנה (ללא שוכר) | B33: 0.5 | C33: לדוגמה 0.5 = חצי חודש בשנה ללא שוכר
A35: מיסוי במכירת הדירה (מס שבח)
A36: שיעור מס שבח על רווח ההון | B36: 0.25 | C36: שיעור מס שבח סטנדרטי על מכירת דירה שאינה פטורה (בפועל בד"כ 25% מהרווח הריאלי)
A37: פטור ממס שבח - דירה יחידה? (1=פטור, 0=לא פטור) | B37: 1 | C37: ברוב פרויקטי מחיר מטרה מחויבים שזו תהיה דירתכם היחידה לכל תקופת ההגבלה, ולכן בד"כ פטור מלא
A39: שוק ההון
A40: תשואה שנתית ממוצעת - S&P 500 | B40: 0.1
A42: תוצאות מחושבות
A43: תשלום משכנתא חודשי (שפיצר) | B43: =-PMT(B14/12,B13*12,B12) -> 14165.965
A44: תשואה חודשית שקולה - S&P 500 | B44: =(1+B40)^(1/12)-1 -> 0.0079741404
A45: הנחה משוערת ממחיר השוק | B45: =B5-B4 -> 500000
A48: הערה: כל התאים הכחולים הם פרמטרים שניתן וכדאי לשנות. כל שאר התאים מחושבים אוטומטית.

Sheet לוח_סילוקין
A1: חודש | B1: יתרה בתחילת חודש | C1: תשלום חודשי | D1: ריבית | E1: קרן | F1: יתרה בסוף חודש
A2: 1 | B2: =נתונים!B12 -> 2700000 | C2: =נתונים!B43 -> 14165.965 | D2: =B2*נתונים!B14/12 -> 10800 | E2: =C2-D2 -> 3365.9646 | F2: =B2-E2 -> 2696634
A3: 2 | B3: =F2 -> 2696634 | C3: =נתונים!B43 -> 14165.965 | D3: =B3*נתונים!B14/12 -> 10786.536 | E3: =C3-D3 -> 3379.4284 | F3: =B3-E3 -> 2693254.6
A4: 3 | B4: =F3 -> 2693254.6 | C4: =נתונים!B43 -> 14165.965 | D4: =B4*נתונים!B14/12 -> 10773.018 | E4: =C4-D4 -> 3392.9461 | F4: =B4-E4 -> 2689861.7
A5: 4 | B5: =F4 -> 2689861.7 | C5: =נתונים!B43 -> 14165.965 | D5: =B5*נתונים!B14/12 -> 10759.447 | E5: =C5-D5 -> 3406.5179 | F5: =B5-E5 -> 2686455.1
A6: 5 | B6: =F5 -> 2686455.1 | C6: =נתונים!B43 -> 14165.965 | D6: =B6*נתונים!B14/12 -> 10745.821 | E6: =C6-D6 -> 3420.144 | F6: =B6-E6 -> 2683035
A7: 6 | B7: =F6 -> 2683035 | C7: =נתונים!B43 -> 14165.965 | D7: =B7*נתונים!B14/12 -> 10732.14 | E7: =C7-D7 -> 3433.8246 | F7: =B7-E7 -> 2679601.2
A8: 7 | B8: =F7 -> 2679601.2 | C8: =נתונים!B43 -> 14165.965 | D8: =B8*נתונים!B14/12 -> 10718.405 | E8: =C8-D8 -> 3447.5599 | F8: =B8-E8 -> 2676153.6
A9: 8 | B9: =F8 -> 2676153.6 | C9: =נתונים!B43 -> 14165.965 | D9: =B9*נתונים!B14/12 -> 10704.614 | E9: =C9-D9 -> 3461.3501 | F9: =B9-E9 -> 2672692.3
A10: 9 | B10: =F9 -> 2672692.3 | C10: =נתונים!B43 -> 14165.965 | D10: =B10*נתונים!B14/12 -> 10690.769 | E10: =C10-D10 -> 3475.1955 | F10: =B10-E10 -> 2669217.1
A11: 10 | B11: =F10 -> 2669217.1 | C11: =נתונים!B43 -> 14165.965 | D11: =B11*נתונים!B14/12 -> 10676.868 | E11: =C11-D11 -> 3489.0963 | F11: =B11-E11 -> 2665728
A12: 11 | B12: =F11 -> 2665728 | C12: =נתונים!B43 -> 14165.965 | D12: =B12*נתונים!B14/12 -> 10662.912 | E12: =C12-D12 -> 3503.0527 | F12: =B12-E12 -> 2662224.9
A13: 12 | B13: =F12 -> 2662224.9 | C13: =נתונים!B43 -> 14165.965 | D13: =B13*נתונים!B14/12 -> 10648.9 | E13: =C13-D13 -> 3517.0649 | F13: =B13-E13 -> 2658707.9
A14: 13 | B14: =F13 -> 2658707.9 | C14: =נתונים!B43 -> 14165.965 | D14: =B14*נתונים!B14/12 -> 10634.831 | E14: =C14-D14 -> 3531.1331 | F14: =B14-E14 -> 2655176.7
A15: 14 | B15: =F14 -> 2655176.7 | C15: =נתונים!B43 -> 14165.965 | D15: =B15*נתונים!B14/12 -> 10620.707 | E15: =C15-D15 -> 3545.2577 | F15: =B15-E15 -> 2651631.5
A16: 15 | B16: =F15 -> 2651631.5 | C16: =נתונים!B43 -> 14165.965 | D16: =B16*נתונים!B14/12 -> 10606.526 | E16: =C16-D16 -> 3559.4387 | F16: =B16-E16 -> 2648072
A17: 16 | B17: =F16 -> 2648072 | C17: =נתונים!B43 -> 14165.965 | D17: =B17*נתונים!B14/12 -> 10592.288 | E17: =C17-D17 -> 3573.6765 | F17: =B17-E17 -> 2644498.3
A18: 17 | B18: =F17 -> 2644498.3 | C18: =נתונים!B43 -> 14165.965 | D18: =B18*נתונים!B14/12 -> 10577.993 | E18: =C18-D18 -> 3587.9712 | F18: =B18-E18 -> 2640910.4
A19: 18 | B19: =F18 -> 2640910.4 | C19: =נתונים!B43 -> 14165.965 | D19: =B19*נתונים!B14/12 -> 10563.642 | E19: =C19-D19 -> 3602.3231 | F19: =B19-E19 -> 2637308.1
A20: 19 | B20: =F19 -> 2637308.1 | C20: =נתונים!B43 -> 14165.965 | D20: =B20*נתונים!B14/12 -> 10549.232 | E20: =C20-D20 -> 3616.7323 | F20: =B20-E20 -> 2633691.3
A21: 20 | B21: =F20 -> 2633691.3 | C21: =נתונים!B43 -> 14165.965 | D21: =B21*נתונים!B14/12 -> 10534.765 | E21: =C21-D21 -> 3631.1993 | F21: =B21-E21 -> 2630060.1
A22: 21 | B22: =F21 -> 2630060.1 | C22: =נתונים!B43 -> 14165.965 | D22: =B22*נתונים!B14/12 -> 10520.24 | E22: =C22-D22 -> 3645.7241 | F22: =B22-E22 -> 2626414.4
A23: 22 | B23: =F22 -> 2626414.4 | C23: =נתונים!B43 -> 14165.965 | D23: =B23*נתונים!B14/12 -> 10505.658 | E23: =C23-D23 -> 3660.307 | F23: =B23-E23 -> 2622754.1
A24: 23 | B24: =F23 -> 2622754.1 | C24: =נתונים!B43 -> 14165.965 | D24: =B24*נתונים!B14/12 -> 10491.016 | E24: =C24-D24 -> 3674.9482 | F24: =B24-E24 -> 2619079.1
A25: 24 | B25: =F24 -> 2619079.1 | C25: =נתונים!B43 -> 14165.965 | D25: =B25*נתונים!B14/12 -> 10476.317 | E25: =C25-D25 -> 3689.648 | F25: =B25-E25 -> 2615389.5
A26: 25 | B26: =F25 -> 2615389.5 | C26: =נתונים!B43 -> 14165.965 | D26: =B26*נתונים!B14/12 -> 10461.558 | E26: =C26-D26 -> 3704.4066 | F26: =B26-E26 -> 2611685.1
A27: 26 | B27: =F26 -> 2611685.1 | C27: =נתונים!B43 -> 14165.965 | D27: =B27*נתונים!B14/12 -> 10446.74 | E27: =C27-D27 -> 3719.2242 | F27: =B27-E27 -> 2607965.9
A28: 27 | B28: =F27 -> 2607965.9 | C28: =נתונים!B43 -> 14165.965 | D28: =B28*נתונים!B14/12 -> 10431.863 | E28: =C28-D28 -> 3734.1011 | F28: =B28-E28 -> 2604231.8
A29: 28 | B29: =F28 -> 2604231.8 | C29: =נתונים!B43 -> 14165.965 | D29: =B29*נתונים!B14/12 -> 10416.927 | E29: =C29-D29 -> 3749.0375 | F29: =B29-E29 -> 2600482.7
A30: 29 | B30: =F29 -> 2600482.7 | C30: =נתונים!B43 -> 14165.965 | D30: =B30*נתונים!B14/12 -> 10401.931 | E30: =C30-D30 -> 3764.0337 | F30: =B30-E30 -> 2596718.7
A31: 30 | B31: =F30 -> 2596718.7 | C31: =נתונים!B43 -> 14165.965 | D31: =B31*נתונים!B14/12 -> 10386.875 | E31: =C31-D31 -> 3779.0898 | F31: =B31-E31 -> 2592939.6
A32: 31 | B32: =F31 -> 2592939.6 | C32: =נתונים!B43 -> 14165.965 | D32: =B32*נתונים!B14/12 -> 10371.758 | E32: =C32-D32 -> 3794.2062 | F32: =B32-E32 -> 2589145.4
A33: 32 | B33: =F32 -> 2589145.4 | C33: =נתונים!B43 -> 14165.965 | D33: =B33*נתונים!B14/12 -> 10356.582 | E33: =C33-D33 -> 3809.383 | F33: =B33-E33 -> 2585336
A34: 33 | B34: =F33 -> 2585336 | C34: =נתונים!B43 -> 14165.965 | D34: =B34*נתונים!B14/12 -> 10341.344 | E34: =C34-D34 -> 3824.6205 | F34: =B34-E34 -> 2581511.4
A35: 34 | B35: =F34 -> 2581511.4 | C35: =נתונים!B43 -> 14165.965 | D35: =B35*נתונים!B14/12 -> 10326.046 | E35: =C35-D35 -> 3839.919 | F35: =B35-E35 -> 2577671.5
A36: 35 | B36: =F35 -> 2577671.5 | C36: =נתונים!B43 -> 14165.965 | D36: =B36*נתונים!B14/12 -> 10310.686 | E36: =C36-D36 -> 3855.2787 | F36: =B36-E36 -> 2573816.2
A37: 36 | B37: =F36 -> 2573816.2 | C37: =נתונים!B43 -> 14165.965 | D37: =B37*נתונים!B14/12 -> 10295.265 | E37: =C37-D37 -> 3870.6998 | F37: =B37-E37 -> 2569945.5
A38: 37 | B38: =F37 -> 2569945.5 | C38: =נתונים!B43 -> 14165.965 | D38: =B38*נתונים!B14/12 -> 10279.782 | E38: =C38-D38 -> 3886.1826 | F38: =B38-E38 -> 2566059.3
A39: 38 | B39: =F38 -> 2566059.3 | C39: =נתונים!B43 -> 14165.965 | D39: =B39*נתונים!B14/12 -> 10264.237 | E39: =C39-D39 -> 3901.7273 | F39: =B39-E39 -> 2562157.6
A40: 39 | B40: =F39 -> 2562157.6 | C40: =נתונים!B43 -> 14165.965 | D40: =B40*נתונים!B14/12 -> 10248.63 | E40: =C40-D40 -> 3917.3342 | F40: =B40-E40 -> 2558240.3
A41: 40 | B41: =F40 -> 2558240.3 | C41: =נתונים!B43 -> 14165.965 | D41: =B41*נתונים!B14/12 -> 10232.961 | E41: =C41-D41 -> 3933.0036 | F41: =B41-E41 -> 2554307.2
A42: 41 | B42: =F41 -> 2554307.2 | C42: =נתונים!B43 -> 14165.965 | D42: =B42*נתונים!B14/12 -> 10217.229 | E42: =C42-D42 -> 3948.7356 | F42: =B42-E42 -> 2550358.5
A43: 42 | B43: =F42 -> 2550358.5 | C43: =נתונים!B43 -> 14165.965 | D43: =B43*נתונים!B14/12 -> 10201.434 | E43: =C43-D43 -> 3964.5305 | F43: =B43-E43 -> 2546394
A44: 43 | B44: =F43 -> 2546394 | C44: =נתונים!B43 -> 14165.965 | D44: =B44*נתונים!B14/12 -> 10185.576 | E44: =C44-D44 -> 3980.3886 | F44: =B44-E44 -> 2542413.6
A45: 44 | B45: =F44 -> 2542413.6 | C45: =נתונים!B43 -> 14165.965 | D45: =B45*נתונים!B14/12 -> 10169.654 | E45: =C45-D45 -> 3996.3102 | F45: =B45-E45 -> 2538417.3
A46: 45 | B46: =F45 -> 2538417.3 | C46: =נתונים!B43 -> 14165.965 | D46: =B46*נתונים!B14/12 -> 10153.669 | E46: =C46-D46 -> 4012.2954 | F46: =B46-E46 -> 2534405
A47: 46 | B47: =F46 -> 2534405 | C47: =נתונים!B43 -> 14165.965 | D47: =B47*נתונים!B14/12 -> 10137.62 | E47: =C47-D47 -> 4028.3446 | F47: =B47-E47 -> 2530376.6
A48: 47 | B48: =F47 -> 2530376.6 | C48: =נתונים!B43 -> 14165.965 | D48: =B48*נתונים!B14/12 -> 10121.507 | E48: =C48-D48 -> 4044.458 | F48: =B48-E48 -> 2526332.2
A49: 48 | B49: =F48 -> 2526332.2 | C49: =נתונים!B43 -> 14165.965 | D49: =B49*נתונים!B14/12 -> 10105.329 | E49: =C49-D49 -> 4060.6358 | F49: =B49-E49 -> 2522271.5
A50: 49 | B50: =F49 -> 2522271.5 | C50: =נתונים!B43 -> 14165.965 | D50: =B50*נתונים!B14/12 -> 10089.086 | E50: =C50-D50 -> 4076.8784 | F50: =B50-E50 -> 2518194.7
A51: 50 | B51: =F50 -> 2518194.7 | C51: =נתונים!B43 -> 14165.965 | D51: =B51*נתונים!B14/12 -> 10072.779 | E51: =C51-D51 -> 4093.1859 | F51: =B51-E51 -> 2514101.5
A52: 51 | B52: =F51 -> 2514101.5 | C52: =נתונים!B43 -> 14165.965 | D52: =B52*נתונים!B14/12 -> 10056.406 | E52: =C52-D52 -> 4109.5586 | F52: =B52-E52 -> 2509991.9
A53: 52 | B53: =F52 -> 2509991.9 | C53: =נתונים!B43 -> 14165.965 | D53: =B53*נתונים!B14/12 -> 10039.968 | E53: =C53-D53 -> 4125.9969 | F53: =B53-E53 -> 2505865.9
A54: 53 | B54: =F53 -> 2505865.9 | C54: =נתונים!B43 -> 14165.965 | D54: =B54*נתונים!B14/12 -> 10023.464 | E54: =C54-D54 -> 4142.5008 | F54: =B54-E54 -> 2501723.4
A55: 54 | B55: =F54 -> 2501723.4 | C55: =נתונים!B43 -> 14165.965 | D55: =B55*נתונים!B14/12 -> 10006.894 | E55: =C55-D55 -> 4159.0709 | F55: =B55-E55 -> 2497564.4
A56: 55 | B56: =F55 -> 2497564.4 | C56: =נתונים!B43 -> 14165.965 | D56: =B56*נתונים!B14/12 -> 9990.2574 | E56: =C56-D56 -> 4175.7071 | F56: =B56-E56 -> 2493388.7
A57: 56 | B57: =F56 -> 2493388.7 | C57: =נתונים!B43 -> 14165.965 | D57: =B57*נתונים!B14/12 -> 9973.5546 | E57: =C57-D57 -> 4192.41 | F57: =B57-E57 -> 2489196.2
A58: 57 | B58: =F57 -> 2489196.2 | C58: =נתונים!B43 -> 14165.965 | D58: =B58*נתונים!B14/12 -> 9956.785 | E58: =C58-D58 -> 4209.1796 | F58: =B58-E58 -> 2484987.1
A59: 58 | B59: =F58 -> 2484987.1 | C59: =נתונים!B43 -> 14165.965 | D59: =B59*נתונים!B14/12 -> 9939.9482 | E59: =C59-D59 -> 4226.0163 | F59: =B59-E59 -> 2480761
A60: 59 | B60: =F59 -> 2480761 | C60: =נתונים!B43 -> 14165.965 | D60: =B60*נתונים!B14/12 -> 9923.0442 | E60: =C60-D60 -> 4242.9204 | F60: =B60-E60 -> 2476518.1
A61: 60 | B61: =F60 -> 2476518.1 | C61: =נתונים!B43 -> 14165.965 | D61: =B61*נתונים!B14/12 -> 9906.0725 | E61: =C61-D61 -> 4259.8921 | F61: =B61-E61 -> 2472258.2
A62: 61 | B62: =F61 -> 2472258.2 | C62: =נתונים!B43 -> 14165.965 | D62: =B62*נתונים!B14/12 -> 9889.0329 | E62: =C62-D62 -> 4276.9316 | F62: =B62-E62 -> 2467981.3
A63: 62 | B63: =F62 -> 2467981.3 | C63: =נתונים!B43 -> 14165.965 | D63: =B63*נתונים!B14/12 -> 9871.9252 | E63: =C63-D63 -> 4294.0394 | F63: =B63-E63 -> 2463687.3
A64: 63 | B64: =F63 -> 2463687.3 | C64: =נתונים!B43 -> 14165.965 | D64: =B64*נתונים!B14/12 -> 9854.749 | E64: =C64-D64 -> 4311.2155 | F64: =B64-E64 -> 2459376
A65: 64 | B65: =F64 -> 2459376 | C65: =נתונים!B43 -> 14165.965 | D65: =B65*נתונים!B14/12 -> 9837.5042 | E65: =C65-D65 -> 4328.4604 | F65: =B65-E65 -> 2455047.6
A66: 65 | B66: =F65 -> 2455047.6 | C66: =נתונים!B43 -> 14165.965 | D66: =B66*נתונים!B14/12 -> 9820.1903 | E66: =C66-D66 -> 4345.7742 | F66: =B66-E66 -> 2450701.8
A67: 66 | B67: =F66 -> 2450701.8 | C67: =נתונים!B43 -> 14165.965 | D67: =B67*נתונים!B14/12 -> 9802.8072 | E67: =C67-D67 -> 4363.1573 | F67: =B67-E67 -> 2446338.7
A68: 67 | B68: =F67 -> 2446338.7 | C68: =נתונים!B43 -> 14165.965 | D68: =B68*נתונים!B14/12 -> 9785.3546 | E68: =C68-D68 -> 4380.61 | F68: =B68-E68 -> 2441958
A69: 68 | B69: =F68 -> 2441958 | C69: =נתונים!B43 -> 14165.965 | D69: =B69*נתונים!B14/12 -> 9767.8322 | E69: =C69-D69 -> 4398.1324 | F69: =B69-E69 -> 2437559.9
A70: 69 | B70: =F69 -> 2437559.9 | C70: =נתונים!B43 -> 14165.965 | D70: =B70*נתונים!B14/12 -> 9750.2396 | E70: =C70-D70 -> 4415.7249 | F70: =B70-E70 -> 2433144.2
A71: 70 | B71: =F70 -> 2433144.2 | C71: =נתונים!B43 -> 14165.965 | D71: =B71*נתונים!B14/12 -> 9732.5767 | E71: =C71-D71 -> 4433.3878 | F71: =B71-E71 -> 2428710.8
A72: 71 | B72: =F71 -> 2428710.8 | C72: =נתונים!B43 -> 14165.965 | D72: =B72*נתונים!B14/12 -> 9714.8432 | E72: =C72-D72 -> 4451.1214 | F72: =B72-E72 -> 2424259.7
A73: 72 | B73: =F72 -> 2424259.7 | C73: =נתונים!B43 -> 14165.965 | D73: =B73*נתונים!B14/12 -> 9697.0387 | E73: =C73-D73 -> 4468.9259 | F73: =B73-E73 -> 2419790.8
A74: 73 | B74: =F73 -> 2419790.8 | C74: =נתונים!B43 -> 14165.965 | D74: =B74*נתונים!B14/12 -> 9679.163 | E74: =C74-D74 -> 4486.8016 | F74: =B74-E74 -> 2415304
A75: 74 | B75: =F74 -> 2415304 | C75: =נתונים!B43 -> 14165.965 | D75: =B75*נתונים!B14/12 -> 9661.2158 | E75: =C75-D75 -> 4504.7488 | F75: =B75-E75 -> 2410799.2
A76: 75 | B76: =F75 -> 2410799.2 | C76: =נתונים!B43 -> 14165.965 | D76: =B76*נתונים!B14/12 -> 9643.1968 | E76: =C76-D76 -> 4522.7678 | F76: =B76-E76 -> 2406276.4
A77: 76 | B77: =F76 -> 2406276.4 | C77: =נתונים!B43 -> 14165.965 | D77: =B77*נתונים!B14/12 -> 9625.1057 | E77: =C77-D77 -> 4540.8588 | F77: =B77-E77 -> 2401735.6
A78: 77 | B78: =F77 -> 2401735.6 | C78: =נתונים!B43 -> 14165.965 | D78: =B78*נתונים!B14/12 -> 9606.9423 | E78: =C78-D78 -> 4559.0223 | F78: =B78-E78 -> 2397176.6
A79: 78 | B79: =F78 -> 2397176.6 | C79: =נתונים!B43 -> 14165.965 | D79: =B79*נתונים!B14/12 -> 9588.7062 | E79: =C79-D79 -> 4577.2584 | F79: =B79-E79 -> 2392599.3
A80: 79 | B80: =F79 -> 2392599.3 | C80: =נתונים!B43 -> 14165.965 | D80: =B80*נתונים!B14/12 -> 9570.3972 | E80: =C80-D80 -> 4595.5674 | F80: =B80-E80 -> 2388003.7
A81: 80 | B81: =F80 -> 2388003.7 | C81: =נתונים!B43 -> 14165.965 | D81: =B81*נתונים!B14/12 -> 9552.0149 | E81: =C81-D81 -> 4613.9497 | F81: =B81-E81 -> 2383389.8
A82: 81 | B82: =F81 -> 2383389.8 | C82: =נתונים!B43 -> 14165.965 | D82: =B82*נתונים!B14/12 -> 9533.5591 | E82: =C82-D82 -> 4632.4055 | F82: =B82-E82 -> 2378757.4
A83: 82 | B83: =F82 -> 2378757.4 | C83: =נתונים!B43 -> 14165.965 | D83: =B83*נתונים!B14/12 -> 9515.0295 | E83: =C83-D83 -> 4650.9351 | F83: =B83-E83 -> 2374106.4
A84: 83 | B84: =F83 -> 2374106.4 | C84: =נתונים!B43 -> 14165.965 | D84: =B84*נתונים!B14/12 -> 9496.4257 | E84: =C84-D84 -> 4669.5388 | F84: =B84-E84 -> 2369436.9
A85: 84 | B85: =F84 -> 2369436.9 | C85: =נתונים!B43 -> 14165.965 | D85: =B85*נתונים!B14/12 -> 9477.7476 | E85: =C85-D85 -> 4688.217 | F85: =B85-E85 -> 2364748.7
A86: 85 | B86: =F85 -> 2364748.7 | C86: =נתונים!B43 -> 14165.965 | D86: =B86*נתונים!B14/12 -> 9458.9947 | E86: =C86-D86 -> 4706.9698 | F86: =B86-E86 -> 2360041.7
A87: 86 | B87: =F86 -> 2360041.7 | C87: =נתונים!B43 -> 14165.965 | D87: =B87*נתונים!B14/12 -> 9440.1668 | E87: =C87-D87 -> 4725.7977 | F87: =B87-E87 -> 2355315.9
A88: 87 | B88: =F87 -> 2355315.9 | C88: =נתונים!B43 -> 14165.965 | D88: =B88*נתונים!B14/12 -> 9421.2637 | E88: =C88-D88 -> 4744.7009 | F88: =B88-E88 -> 2350571.2
A89: 88 | B89: =F88 -> 2350571.2 | C89: =נתונים!B43 -> 14165.965 | D89: =B89*נתונים!B14/12 -> 9402.2848 | E89: =C89-D89 -> 4763.6797 | F89: =B89-E89 -> 2345807.5
A90: 89 | B90: =F89 -> 2345807.5 | C90: =נתונים!B43 -> 14165.965 | D90: =B90*נתונים!B14/12 -> 9383.2301 | E90: =C90-D90 -> 4782.7344 | F90: =B90-E90 -> 2341024.8
A91: 90 | B91: =F90 -> 2341024.8 | C91: =נתונים!B43 -> 14165.965 | D91: =B91*נתונים!B14/12 -> 9364.0992 | E91: =C91-D91 -> 4801.8654 | F91: =B91-E91 -> 2336222.9
A92: 91 | B92: =F91 -> 2336222.9 | C92: =נתונים!B43 -> 14165.965 | D92: =B92*נתונים!B14/12 -> 9344.8917 | E92: =C92-D92 -> 4821.0728 | F92: =B92-E92 -> 2331401.9
A93: 92 | B93: =F92 -> 2331401.9 | C93: =נתונים!B43 -> 14165.965 | D93: =B93*נתונים!B14/12 -> 9325.6074 | E93: =C93-D93 -> 4840.3571 | F93: =B93-E93 -> 2326561.5
A94: 93 | B94: =F93 -> 2326561.5 | C94: =נתונים!B43 -> 14165.965 | D94: =B94*נתונים!B14/12 -> 9306.246 | E94: =C94-D94 -> 4859.7186 | F94: =B94-E94 -> 2321701.8
A95: 94 | B95: =F94 -> 2321701.8 | C95: =נתונים!B43 -> 14165.965 | D95: =B95*נתונים!B14/12 -> 9286.8071 | E95: =C95-D95 -> 4879.1574 | F95: =B95-E95 -> 2316822.6
A96: 95 | B96: =F95 -> 2316822.6 | C96: =נתונים!B43 -> 14165.965 | D96: =B96*נתונים!B14/12 -> 9267.2905 | E96: =C96-D96 -> 4898.6741 | F96: =B96-E96 -> 2311924
A97: 96 | B97: =F96 -> 2311924 | C97: =נתונים!B43 -> 14165.965 | D97: =B97*נתונים!B14/12 -> 9247.6958 | E97: =C97-D97 -> 4918.2688 | F97: =B97-E97 -> 2307005.7
A98: 97 | B98: =F97 -> 2307005.7 | C98: =נתונים!B43 -> 14165.965 | D98: =B98*נתונים!B14/12 -> 9228.0227 | E98: =C98-D98 -> 4937.9418 | F98: =B98-E98 -> 2302067.7
A99: 98 | B99: =F98 -> 2302067.7 | C99: =נתונים!B43 -> 14165.965 | D99: =B99*נתונים!B14/12 -> 9208.271 | E99: =C99-D99 -> 4957.6936 | F99: =B99-E99 -> 2297110
A100: 99 | B100: =F99 -> 2297110 | C100: =נתונים!B43 -> 14165.965 | D100: =B100*נתונים!B14/12 -> 9188.4402 | E100: =C100-D100 -> 4977.5244 | F100: =B100-E100 -> 2292132.5
...

Sheet השוואה_חודשית
A1: חודש | B1: שנה | C1: תשלום משכנתא | D1: הוצאות שוטפות | E1: יתרת משכנתא | F1: שווי הדירה | G1: הון עצמי בדירה (לפני מס) | H1: שכ"ד חלופי (אם גר בשכירות) | I1: הכנסה משכירות (נטו ממקדמי ריקנות) | J1: תזרים פנוי - מסלול S&P (C) | K1: תזרים פנוי - מסלול השכרה (B) | L1: תיק S&P - מסלול C | M1: תיק S&P - מסלול B | N1: רווח הון לפני מס (אם נמכר היום) | O1: מס שבח (אם נמכר היום) | P1: שווי נטו - מסלול A (גר בדירה) | Q1: שווי נטו - מסלול B (משכיר את הדירה) | R1: שווי נטו - מסלול C (לא קונה, משקיע ב-S&P)
A2: 1 | B2: =ROUNDUP(A2/12,0) -> 1 | C2: =נתונים!B43 -> 14165.965 | D2: =נתונים!B27 -> 250 | E2: =INDEX(לוח_סילוקין!$F$2:$F$361,A2) -> 2696634 | F2: =נתונים!$B$5*(1+נתונים!$B$6)^(A2/12) -> 3500000 | G2: =F2-E2 -> 803365.96 | H2: =נתונים!B30*(1+נתונים!B31)^(B2-1) -> 6500 | I2: =נתונים!B32*(1-נתונים!B33/12)*(1+נתונים!B31)^(B2-1) -> 8385.4167 | J2: =(C2+D2)-H2 -> 7915.9646 | K2: =I2-H2 -> 1885.4167 | L2: =נתונים!B11*(1+נתונים!B44)+J2 -> 310308.21 | M2: =0*(1+נתונים!B44)+K2 -> 1885.4167 | N2: =F2-(נתונים!B4+נתונים!B21) -> 290000 | O2: =MAX(0,N2)*נתונים!B36*(1-נתונים!B37) -> 0 | P2: =G2-O2 -> 803365.96 | Q2: =G2-O2+M2 -> 805251.38 | R2: =L2 -> 310308.21
A3: 2 | B3: =ROUNDUP(A3/12,0) -> 1 | C3: =נתונים!B43 -> 14165.965 | D3: =נתונים!B27 -> 250 | E3: =INDEX(לוח_סילוקין!$F$2:$F$361,A3) -> 2693254.6 | F3: =נתונים!$B$5*(1+נתונים!$B$6)^(A3/12) -> 3500000 | G3: =F3-E3 -> 806745.39 | H3: =נתונים!B30*(1+נתונים!B31)^(B3-1) -> 6500 | I3: =נתונים!B32*(1-נתונים!B33/12)*(1+נתונים!B31)^(B3-1) -> 8385.4167 | J3: =(C3+D3)-H3 -> 7915.9646 | K3: =I3-H3 -> 1885.4167 | L3: =L2*(1+נתונים!B44)+J3 -> 320698.61 | M3: =M2*(1+נתונים!B44)+K3 -> 3785.8679 | N3: =F3-(נתונים!B4+נתונים!B21) -> 290000 | O3: =MAX(0,N3)*נתונים!B36*(1-נתונים!B37) -> 0 | P3: =G3-O3 -> 806745.39 | Q3: =G3-O3+M3 -> 810531.26 | R3: =L3 -> 320698.61
A4: 3 | B4: =ROUNDUP(A4/12,0) -> 1 | C4: =נתונים!B43 -> 14165.965 | D4: =נתונים!B27 -> 250 | E4: =INDEX(לוח_סילוקין!$F$2:$F$361,A4) -> 2689861.7 | F4: =נתונים!$B$5*(1+נתונים!$B$6)^(A4/12) -> 3500000 | G4: =F4-E4 -> 810138.34 | H4: =נתונים!B30*(1+נתונים!B31)^(B4-1) -> 6500 | I4: =נתונים!B32*(1-נתונים!B33/12)*(1+נתונים!B31)^(B4-1) -> 8385.4167 | J4: =(C4+D4)-H4 -> 7915.9646 | K4: =I4-H4 -> 1885.4167 | L4: =L3*(1+נתונים!B44)+J4 -> 331171.87 | M4: =M3*(1+נתונים!B44)+K4 -> 5701.4736 | N4: =F4-(נתונים!B4+נתונים!B21) -> 290000 | O4: =MAX(0,N4)*נתונים!B36*(1-נתונים!B37) -> 0 | P4: =G4-O4 -> 810138.34 | Q4: =G4-O4+M4 -> 815839.81 | R4: =L4 -> 331171.87
A5: 4 | B5: =ROUNDUP(A5/12,0) -> 1 | C5: =נתונים!B43 -> 14165.965 | D5: =נתונים!B27 -> 250 | E5: =INDEX(לוח_סילוקין!$F$2:$F$361,A5) -> 2686455.1 | F5: =נתונים!$B$5*(1+נתונים!$B$6)^(A5/12) -> 3500000 | G5: =F5-E5 -> 813544.86 | H5: =נתונים!B30*(1+נתונים!B31)^(B5-1) -> 6500 | I5: =נתונים!B32*(1-נתונים!B33/12)*(1+נתונים!B31)^(B5-1) -> 8385.4167 | J5: =(C5+D5)-H5 -> 7915.9646 | K5: =I5-H5 -> 1885.4167 | L5: =L4*(1+נתונים!B44)+J5 -> 341728.65 | M5: =M4*(1+נתונים!B44)+K5 -> 7632.3546 | N5: =F5-(נתונים!B4+נתונים!B21) -> 290000 | O5: =MAX(0,N5)*נתונים!B36*(1-נתונים!B37) -> 0 | P5: =G5-O5 -> 813544.86 | Q5: =G5-O5+M5 -> 821177.21 | R5: =L5 -> 341728.65
A6: 5 | B6: =ROUNDUP(A6/12,0) -> 1 | C6: =נתונים!B43 -> 14165.965 | D6: =נתונים!B27 -> 250 | E6: =INDEX(לוח_סילוקין!$F$2:$F$361,A6) -> 2683035 | F6: =נתונים!$B$5*(1+נתונים!$B$6)^(A6/12) -> 3500000 | G6: =F6-E6 -> 816965 | H6: =נתונים!B30*(1+נתונים!B31)^(B6-1) -> 6500 | I6: =נתונים!B32*(1-נתונים!B33/12)*(1+נתונים!B31)^(B6-1) -> 8385.4167 | J6: =(C6+D6)-H6 -> 7915.9646 | K6: =I6-H6 -> 1885.4167 | L6: =L5*(1+נתונים!B44)+J6 -> 352369.61 | M6: =M5*(1+נתונים!B44)+K6 -> 9578.6328 | N6: =F6-(נתונים!B4+נתונים!B21) -> 290000 | O6: =MAX(0,N6)*נתונים!B36*(1-נתונים!B37) -> 0 | P6: =G6-O6 -> 816965 | Q6: =G6-O6+M6 -> 826543.63 | R6: =L6 -> 352369.61
A7: 6 | B7: =ROUNDUP(A7/12,0) -> 1 | C7: =נתונים!B43 -> 14165.965 | D7: =נתונים!B27 -> 250 | E7: =INDEX(לוח_סילוקין!$F$2:$F$361,A7) -> 2679601.2 | F7: =נתונים!$B$5*(1+נתונים!$B$6)^(A7/12) -> 3500000 | G7: =F7-E7 -> 820398.83 | H7: =נתונים!B30*(1+נתונים!B31)^(B7-1) -> 6500 | I7: =נתונים!B32*(1-נתונים!B33/12)*(1+נתונים!B31)^(B7-1) -> 8385.4167 | J7: =(C7+D7)-H7 -> 7915.9646 | K7: =I7-H7 -> 1885.4167 | L7: =L6*(1+נתונים!B44)+J7 -> 363095.41 | M7: =M6*(1+נתונים!B44)+K7 -> 11540.431 | N7: =F7-(נתונים!B4+נתונים!B21) -> 290000 | O7: =MAX(0,N7)*נתונים!B36*(1-נתונים!B37) -> 0 | P7: =G7-O7 -> 820398.83 | Q7: =G7-O7+M7 -> 831939.26 | R7: =L7 -> 363095.41
A8: 7 | B8: =ROUNDUP(A8/12,0) -> 1 | C8: =נתונים!B43 -> 14165.965 | D8: =נתונים!B27 -> 250 | E8: =INDEX(לוח_סילוקין!$F$2:$F$361,A8) -> 2676153.6 | F8: =נתונים!$B$5*(1+נתונים!$B$6)^(A8/12) -> 3500000 | G8: =F8-E8 -> 823846.39 | H8: =נתונים!B30*(1+נתונים!B31)^(B8-1) -> 6500 | I8: =נתונים!B32*(1-נתונים!B33/12)*(1+נתונים!B31)^(B8-1) -> 8385.4167 | J8: =(C8+D8)-H8 -> 7915.9646 | K8: =I8-H8 -> 1885.4167 | L8: =L7*(1+נתונים!B44)+J8 -> 373906.75 | M8: =M7*(1+נתונים!B44)+K8 -> 13517.872 | N8: =F8-(נתונים!B4+נתונים!B21) -> 290000 | O8: =MAX(0,N8)*נתונים!B36*(1-נתונים!B37) -> 0 | P8: =G8-O8 -> 823846.39 | Q8: =G8-O8+M8 -> 837364.26 | R8: =L8 -> 373906.75
A9: 8 | B9: =ROUNDUP(A9/12,0) -> 1 | C9: =נתונים!B43 -> 14165.965 | D9: =נתונים!B27 -> 250 | E9: =INDEX(לוח_סילוקין!$F$2:$F$361,A9) -> 2672692.3 | F9: =נתונים!$B$5*(1+נתונים!$B$6)^(A9/12) -> 3500000 | G9: =F9-E9 -> 827307.74 | H9: =נתונים!B30*(1+נתונים!B31)^(B9-1) -> 6500 | I9: =נתונים!B32*(1-נתונים!B33/12)*(1+נתונים!B31)^(B9-1) -> 8385.4167 | J9: =(C9+D9)-H9 -> 7915.9646 | K9: =I9-H9 -> 1885.4167 | L9: =L8*(1+נתונים!B44)+J9 -> 384804.3 | M9: =M8*(1+נתונים!B44)+K9 -> 15511.083 | N9: =F9-(נתונים!B4+נתונים!B21) -> 290000 | O9: =MAX(0,N9)*נתונים!B36*(1-נתונים!B37) -> 0 | P9: =G9-O9 -> 827307.74 | Q9: =G9-O9+M9 -> 842818.82 | R9: =L9 -> 384804.3
A10: 9 | B10: =ROUNDUP(A10/12,0) -> 1 | C10: =נתונים!B43 -> 14165.965 | D10: =נתונים!B27 -> 250 | E10: =INDEX(לוח_סילוקין!$F$2:$F$361,A10) -> 2669217.1 | F10: =נתונים!$B$5*(1+נתונים!$B$6)^(A10/12) -> 3500000 | G10: =F10-E10 -> 830782.93 | H10: =נתונים!B30*(1+נתונים!B31)^(B10-1) -> 6500 | I10: =נתונים!B32*(1-נתונים!B33/12)*(1+נתונים!B31)^(B10-1) -> 8385.4167 | J10: =(C10+D10)-H10 -> 7915.9646 | K10: =I10-H10 -> 1885.4167 | L10: =L9*(1+נתונים!B44)+J10 -> 395788.75 | M10: =M9*(1+נתונים!B44)+K10 -> 17520.187 | N10: =F10-(נתונים!B4+נתונים!B21) -> 290000 | O10: =MAX(0,N10)*נתונים!B36*(1-נתונים!B37) -> 0 | P10: =G10-O10 -> 830782.93 | Q10: =G10-O10+M10 -> 848303.12 | R10: =L10 -> 395788.75
A11: 10 | B11: =ROUNDUP(A11/12,0) -> 1 | C11: =נתונים!B43 -> 14165.965 | D11: =נתונים!B27 -> 250 | E11: =INDEX(לוח_סילוקין!$F$2:$F$361,A11) -> 2665728 | F11: =נתונים!$B$5*(1+נתונים!$B$6)^(A11/12) -> 3500000 | G11: =F11-E11 -> 834272.03 | H11: =נתונים!B30*(1+נתונים!B31)^(B11-1) -> 6500 | I11: =נתונים!B32*(1-נתונים!B33/12)*(1+נתונים!B31)^(B11-1) -> 8385.4167 | J11: =(C11+D11)-H11 -> 7915.9646 | K11: =I11-H11 -> 1885.4167 | L11: =L10*(1+נתונים!B44)+J11 -> 406860.79 | M11: =M10*(1+נתונים!B44)+K11 -> 19545.312 | N11: =F11-(נתונים!B4+נתונים!B21) -> 290000 | O11: =MAX(0,N11)*נתונים!B36*(1-נתונים!B37) -> 0 | P11: =G11-O11 -> 834272.03 | Q11: =G11-O11+M11 -> 853817.34 | R11: =L11 -> 406860.79
A12: 11 | B12: =ROUNDUP(A12/12,0) -> 1 | C12: =נתונים!B43 -> 14165.965 | D12: =נתונים!B27 -> 250 | E12: =INDEX(לוח_סילוקין!$F$2:$F$361,A12) -> 2662224.9 | F12: =נתונים!$B$5*(1+נתונים!$B$6)^(A12/12) -> 3500000 | G12: =F12-E12 -> 837775.08 | H12: =נתונים!B30*(1+נתונים!B31)^(B12-1) -> 6500 | I12: =נתונים!B32*(1-נתונים!B33/12)*(1+נתונים!B31)^(B12-1) -> 8385.4167 | J12: =(C12+D12)-H12 -> 7915.9646 | K12: =I12-H12 -> 1885.4167 | L12: =L11*(1+נתונים!B44)+J12 -> 418021.12 | M12: =M11*(1+נתונים!B44)+K12 -> 21586.586 | N12: =F12-(נתונים!B4+נתונים!B21) -> 290000 | O12: =MAX(0,N12)*נתונים!B36*(1-נתונים!B37) -> 0 | P12: =G12-O12 -> 837775.08 | Q12: =G12-O12+M12 -> 859361.67 | R12: =L12 -> 418021.12
A13: 12 | B13: =ROUNDUP(A13/12,0) -> 1 | C13: =נתונים!B43 -> 14165.965 | D13: =נתונים!B27 -> 250 | E13: =INDEX(לוח_סילוקין!$F$2:$F$361,A13) -> 2658707.9 | F13: =נתונים!$B$5*(1+נתונים!$B$6)^(A13/12) -> 3500000 | G13: =F13-E13 -> 841292.14 | H13: =נתונים!B30*(1+נתונים!B31)^(B13-1) -> 6500 | I13: =נתונים!B32*(1-נתונים!B33/12)*(1+נתונים!B31)^(B13-1) -> 8385.4167 | J13: =(C13+D13)-H13 -> 7915.9646 | K13: =I13-H13 -> 1885.4167 | L13: =L12*(1+נתונים!B44)+J13 -> 429270.44 | M13: =M12*(1+נתונים!B44)+K13 -> 23644.137 | N13: =F13-(נתונים!B4+נתונים!B21) -> 290000 | O13: =MAX(0,N13)*נתונים!B36*(1-נתונים!B37) -> 0 | P13: =G13-O13 -> 841292.14 | Q13: =G13-O13+M13 -> 864936.28 | R13: =L13 -> 429270.44
A14: 13 | B14: =ROUNDUP(A14/12,0) -> 2 | C14: =נתונים!B43 -> 14165.965 | D14: =נתונים!B27 -> 250 | E14: =INDEX(לוח_סילוקין!$F$2:$F$361,A14) -> 2655176.7 | F14: =נתונים!$B$5*(1+נתונים!$B$6)^(A14/12) -> 3500000 | G14: =F14-E14 -> 844823.28 | H14: =נתונים!B30*(1+נתונים!B31)^(B14-1) -> 6630 | I14: =נתונים!B32*(1-נתונים!B33/12)*(1+נתונים!B31)^(B14-1) -> 8553.125 | J14: =(C14+D14)-H14 -> 7785.9646 | K14: =I14-H14 -> 1923.125 | L14: =L13*(1+נתונים!B44)+J14 -> 440479.47 | M14: =M13*(1+נתונים!B44)+K14 -> 25755.803 | N14: =F14-(נתונים!B4+נתונים!B21) -> 290000 | O14: =MAX(0,N14)*נתונים!B36*(1-נתונים!B37) -> 0 | P14: =G14-O14 -> 844823.28 | Q14: =G14-O14+M14 -> 870579.08 | R14: =L14 -> 440479.47
A15: 14 | B15: =ROUNDUP(A15/12,0) -> 2 | C15: =נתונים!B43 -> 14165.965 | D15: =נתונים!B27 -> 250 | E15: =INDEX(לוח_סילוקין!$F$2:$F$361,A15) -> 2651631.5 | F15: =נתונים!$B$5*(1+נתונים!$B$6)^(A15/12) -> 3500000 | G15: =F15-E15 -> 848368.54 | H15: =נתונים!B30*(1+נתונים!B31)^(B15-1) -> 6630 | I15: =נתונים!B32*(1-נתונים!B33/12)*(1+נתונים!B31)^(B15-1) -> 8553.125 | J15: =(C15+D15)-H15 -> 7785.9646 | K15: =I15-H15 -> 1923.125 | L15: =L14*(1+נתונים!B44)+J15 -> 451777.88 | M15: =M14*(1+נתונים!B44)+K15 -> 27884.309 | N15: =F15-(נתונים!B4+נתונים!B21) -> 290000 | O15: =MAX(0,N15)*נתונים!B36*(1-נתונים!B37) -> 0 | P15: =G15-O15 -> 848368.54 | Q15: =G15-O15+M15 -> 876252.84 | R15: =L15 -> 451777.88
A16: 15 | B16: =ROUNDUP(A16/12,0) -> 2 | C16: =נתונים!B43 -> 14165.965 | D16: =נתונים!B27 -> 250 | E16: =INDEX(לוח_סילוקין!$F$2:$F$361,A16) -> 2648072 | F16: =נתונים!$B$5*(1+נתונים!$B$6)^(A16/12) -> 3500000 | G16: =F16-E16 -> 851927.97 | H16: =נתונים!B30*(1+נתונים!B31)^(B16-1) -> 6630 | I16: =נתונים!B32*(1-נתונים!B33/12)*(1+נתונים!B31)^(B16-1) -> 8553.125 | J16: =(C16+D16)-H16 -> 7785.9646 | K16: =I16-H16 -> 1923.125 | L16: =L15*(1+נתונים!B44)+J16 -> 463166.39 | M16: =M15*(1+נתונים!B44)+K16 -> 30029.787 | N16: =F16-(נתונים!B4+נתונים!B21) -> 290000 | O16: =MAX(0,N16)*נתונים!B36*(1-נתונים!B37) -> 0 | P16: =G16-O16 -> 851927.97 | Q16: =G16-O16+M16 -> 881957.76 | R16: =L16 -> 463166.39
A17: 16 | B17: =ROUNDUP(A17/12,0) -> 2 | C17: =נתונים!B43 -> 14165.965 | D17: =נתונים!B27 -> 250 | E17: =INDEX(לוח_סילוקין!$F$2:$F$361,A17) -> 2644498.3 | F17: =נתונים!$B$5*(1+נתונים!$B$6)^(A17/12) -> 3500000 | G17: =F17-E17 -> 855501.65 | H17: =נתונים!B30*(1+נתונים!B31)^(B17-1) -> 6630 | I17: =נתונים!B32*(1-נתונים!B33/12)*(1+נתונים!B31)^(B17-1) -> 8553.125 | J17: =(C17+D17)-H17 -> 7785.9646 | K17: =I17-H17 -> 1923.125 | L17: =L16*(1+נתונים!B44)+J17 -> 474645.7 | M17: =M16*(1+נתונים!B44)+K17 -> 32192.374 | N17: =F17-(נתונים!B4+נתונים!B21) -> 290000 | O17: =MAX(0,N17)*נתונים!B36*(1-נתונים!B37) -> 0 | P17: =G17-O17 -> 855501.65 | Q17: =G17-O17+M17 -> 887694.02 | R17: =L17 -> 474645.7
A18: 17 | B18: =ROUNDUP(A18/12,0) -> 2 | C18: =נתונים!B43 -> 14165.965 | D18: =נתונים!B27 -> 250 | E18: =INDEX(לוח_סילוקין!$F$2:$F$361,A18) -> 2640910.4 | F18: =נתונים!$B$5*(1+נתונים!$B$6)^(A18/12) -> 3500000 | G18: =F18-E18 -> 859089.62 | H18: =נתונים!B30*(1+נתונים!B31)^(B18-1) -> 6630 | I18: =נתונים!B32*(1-נתונים!B33/12)*(1+נתונים!B31)^(B18-1) -> 8553.125 | J18: =(C18+D18)-H18 -> 7785.9646 | K18: =I18-H18 -> 1923.125 | L18: =L17*(1+נתונים!B44)+J18 -> 486216.56 | M18: =M17*(1+נתונים!B44)+K18 -> 34372.205 | N18: =F18-(נתונים!B4+נתונים!B21) -> 290000 | O18: =MAX(0,N18)*נתונים!B36*(1-נתונים!B37) -> 0 | P18: =G18-O18 -> 859089.62 | Q18: =G18-O18+M18 -> 893461.83 | R18: =L18 -> 486216.56
A19: 18 | B19: =ROUNDUP(A19/12,0) -> 2 | C19: =נתונים!B43 -> 14165.965 | D19: =נתונים!B27 -> 250 | E19: =INDEX(לוח_סילוקין!$F$2:$F$361,A19) -> 2637308.1 | F19: =נתונים!$B$5*(1+נתונים!$B$6)^(A19/12) -> 3500000 | G19: =F19-E19 -> 862691.95 | H19: =נתונים!B30*(1+נתונים!B31)^(B19-1) -> 6630 | I19: =נתונים!B32*(1-נתונים!B33/12)*(1+נתונים!B31)^(B19-1) -> 8553.125 | J19: =(C19+D19)-H19 -> 7785.9646 | K19: =I19-H19 -> 1923.125 | L19: =L18*(1+נתונים!B44)+J19 -> 497879.68 | M19: =M18*(1+נתונים!B44)+K19 -> 36569.419 | N19: =F19-(נתונים!B4+נתונים!B21) -> 290000 | O19: =MAX(0,N19)*נתונים!B36*(1-נתונים!B37) -> 0 | P19: =G19-O19 -> 862691.95 | Q19: =G19-O19+M19 -> 899261.36 | R19: =L19 -> 497879.68
A20: 19 | B20: =ROUNDUP(A20/12,0) -> 2 | C20: =נתונים!B43 -> 14165.965 | D20: =נתונים!B27 -> 250 | E20: =INDEX(לוח_סילוקין!$F$2:$F$361,A20) -> 2633691.3 | F20: =נתונים!$B$5*(1+נתונים!$B$6)^(A20/12) -> 3500000 | G20: =F20-E20 -> 866308.68 | H20: =נתונים!B30*(1+נתונים!B31)^(B20-1) -> 6630 | I20: =נתונים!B32*(1-נתונים!B33/12)*(1+נתונים!B31)^(B20-1) -> 8553.125 | J20: =(C20+D20)-H20 -> 7785.9646 | K20: =I20-H20 -> 1923.125 | L20: =L19*(1+נתונים!B44)+J20 -> 509635.81 | M20: =M19*(1+נתונים!B44)+K20 -> 38784.154 | N20: =F20-(נתונים!B4+נתונים!B21) -> 290000 | O20: =MAX(0,N20)*נתונים!B36*(1-נתונים!B37) -> 0 | P20: =G20-O20 -> 866308.68 | Q20: =G20-O20+M20 -> 905092.83 | R20: =L20 -> 509635.81
A21: 20 | B21: =ROUNDUP(A21/12,0) -> 2 | C21: =נתונים!B43 -> 14165.965 | D21: =נתונים!B27 -> 250 | E21: =INDEX(לוח_סילוקין!$F$2:$F$361,A21) -> 2630060.1 | F21: =נתונים!$B$5*(1+נתונים!$B$6)^(A21/12) -> 3500000 | G21: =F21-E21 -> 869939.88 | H21: =נתונים!B30*(1+נתונים!B31)^(B21-1) -> 6630 | I21: =נתונים!B32*(1-נתונים!B33/12)*(1+נתונים!B31)^(B21-1) -> 8553.125 | J21: =(C21+D21)-H21 -> 7785.9646 | K21: =I21-H21 -> 1923.125 | L21: =L20*(1+נתונים!B44)+J21 -> 521485.68 | M21: =M20*(1+נתונים!B44)+K21 -> 41016.549 | N21: =F21-(נתונים!B4+נתונים!B21) -> 290000 | O21: =MAX(0,N21)*נתונים!B36*(1-נתונים!B37) -> 0 | P21: =G21-O21 -> 869939.88 | Q21: =G21-O21+M21 -> 910956.43 | R21: =L21 -> 521485.68
A22: 21 | B22: =ROUNDUP(A22/12,0) -> 2 | C22: =נתונים!B43 -> 14165.965 | D22: =נתונים!B27 -> 250 | E22: =INDEX(לוח_סילוקין!$F$2:$F$361,A22) -> 2626414.4 | F22: =נתונים!$B$5*(1+נתונים!$B$6)^(A22/12) -> 3500000 | G22: =F22-E22 -> 873585.6 | H22: =נתונים!B30*(1+נתונים!B31)^(B22-1) -> 6630 | I22: =נתונים!B32*(1-נתונים!B33/12)*(1+נתונים!B31)^(B22-1) -> 8553.125 | J22: =(C22+D22)-H22 -> 7785.9646 | K22: =I22-H22 -> 1923.125 | L22: =L21*(1+נתונים!B44)+J22 -> 533430.05 | M22: =M21*(1+נתונים!B44)+K22 -> 43266.746 | N22: =F22-(נתונים!B4+נתונים!B21) -> 290000 | O22: =MAX(0,N22)*נתונים!B36*(1-נתונים!B37) -> 0 | P22: =G22-O22 -> 873585.6 | Q22: =G22-O22+M22 -> 916852.35 | R22: =L22 -> 533430.05
A23: 22 | B23: =ROUNDUP(A23/12,0) -> 2 | C23: =נתונים!B43 -> 14165.965 | D23: =נתונים!B27 -> 250 | E23: =INDEX(לוח_סילוקין!$F$2:$F$361,A23) -> 2622754.1 | F23: =נתונים!$B$5*(1+נתונים!$B$6)^(A23/12) -> 3500000 | G23: =F23-E23 -> 877245.91 | H23: =נתונים!B30*(1+נתונים!B31)^(B23-1) -> 6630 | I23: =נתונים!B32*(1-נתונים!B33/12)*(1+נתונים!B31)^(B23-1) -> 8553.125 | J23: =(C23+D23)-H23 -> 7785.9646 | K23: =I23-H23 -> 1923.125 | L23: =L22*(1+נתונים!B44)+J23 -> 545469.66 | M23: =M22*(1+נתונים!B44)+K23 -> 45534.886 | N23: =F23-(נתונים!B4+נתונים!B21) -> 290000 | O23: =MAX(0,N23)*נתונים!B36*(1-נתונים!B37) -> 0 | P23: =G23-O23 -> 877245.91 | Q23: =G23-O23+M23 -> 922780.79 | R23: =L23 -> 545469.66
A24: 23 | B24: =ROUNDUP(A24/12,0) -> 2 | C24: =נתונים!B43 -> 14165.965 | D24: =נתונים!B27 -> 250 | E24: =INDEX(לוח_סילוקין!$F$2:$F$361,A24) -> 2619079.1 | F24: =נתונים!$B$5*(1+נתונים!$B$6)^(A24/12) -> 3500000 | G24: =F24-E24 -> 880920.86 | H24: =נתונים!B30*(1+נתונים!B31)^(B24-1) -> 6630 | I24: =נתונים!B32*(1-נתונים!B33/12)*(1+נתונים!B31)^(B24-1) -> 8553.125 | J24: =(C24+D24)-H24 -> 7785.9646 | K24: =I24-H24 -> 1923.125 | L24: =L23*(1+נתונים!B44)+J24 -> 557605.27 | M24: =M23*(1+נתונים!B44)+K24 -> 47821.113 | N24: =F24-(נתונים!B4+נתונים!B21) -> 290000 | O24: =MAX(0,N24)*נתונים!B36*(1-נתונים!B37) -> 0 | P24: =G24-O24 -> 880920.86 | Q24: =G24-O24+M24 -> 928741.97 | R24: =L24 -> 557605.27
A25: 24 | B25: =ROUNDUP(A25/12,0) -> 2 | C25: =נתונים!B43 -> 14165.965 | D25: =נתונים!B27 -> 250 | E25: =INDEX(לוח_סילוקין!$F$2:$F$361,A25) -> 2615389.5 | F25: =נתונים!$B$5*(1+נתונים!$B$6)^(A25/12) -> 3500000 | G25: =F25-E25 -> 884610.5 | H25: =נתונים!B30*(1+נתונים!B31)^(B25-1) -> 6630 | I25: =נתונים!B32*(1-נתונים!B33/12)*(1+נתונים!B31)^(B25-1) -> 8553.125 | J25: =(C25+D25)-H25 -> 7785.9646 | K25: =I25-H25 -> 1923.125 | L25: =L24*(1+נתונים!B44)+J25 -> 569837.66 | M25: =M24*(1+נתונים!B44)+K25 -> 50125.57 | N25: =F25-(נתונים!B4+נתונים!B21) -> 290000 | O25: =MAX(0,N25)*נתונים!B36*(1-נתונים!B37) -> 0 | P25: =G25-O25 -> 884610.5 | Q25: =G25-O25+M25 -> 934736.07 | R25: =L25 -> 569837.66
A26: 25 | B26: =ROUNDUP(A26/12,0) -> 3 | C26: =נתונים!B43 -> 14165.965 | D26: =נתונים!B27 -> 250 | E26: =INDEX(לוח_סילוקין!$F$2:$F$361,A26) -> 2611685.1 | F26: =נתונים!$B$5*(1+נתונים!$B$6)^(A26/12) -> 3500000 | G26: =F26-E26 -> 888314.91 | H26: =נתונים!B30*(1+נתונים!B31)^(B26-1) -> 6762.6 | I26: =נתונים!B32*(1-נתונים!B33/12)*(1+נתונים!B31)^(B26-1) -> 8724.1875 | J26: =(C26+D26)-H26 -> 7653.3646 | K26: =I26-H26 -> 1961.5875 | L26: =L25*(1+נתונים!B44)+J26 -> 582034.99 | M26: =M25*(1+נתונים!B44)+K26 -> 52486.866 | N26: =F26-(נתונים!B4+נתונים!B21) -> 290000 | O26: =MAX(0,N26)*נתונים!B36*(1-נתונים!B37) -> 0 | P26: =G26-O26 -> 888314.91 | Q26: =G26-O26+M26 -> 940801.78 | R26: =L26 -> 582034.99
A27: 26 | B27: =ROUNDUP(A27/12,0) -> 3 | C27: =נתונים!B43 -> 14165.965 | D27: =נתונים!B27 -> 250 | E27: =INDEX(לוח_סילוקין!$F$2:$F$361,A27) -> 2607965.9 | F27: =נתונים!$B$5*(1+נתונים!$B$6)^(A27/12) -> 3500000 | G27: =F27-E27 -> 892034.13 | H27: =נתונים!B30*(1+נתונים!B31)^(B27-1) -> 6762.6 | I27: =נתונים!B32*(1-נתונים!B33/12)*(1+נתונים!B31)^(B27-1) -> 8724.1875 | J27: =(C27+D27)-H27 -> 7653.3646 | K27: =I27-H27 -> 1961.5875 | L27: =L26*(1+נתונים!B44)+J27 -> 594329.58 | M27: =M26*(1+נתונים!B44)+K27 -> 54866.991 | N27: =F27-(נתונים!B4+נתונים!B21) -> 290000 | O27: =MAX(0,N27)*נתונים!B36*(1-נתונים!B37) -> 0 | P27: =G27-O27 -> 892034.13 | Q27: =G27-O27+M27 -> 946901.13 | R27: =L27 -> 594329.58
A28: 27 | B28: =ROUNDUP(A28/12,0) -> 3 | C28: =נתונים!B43 -> 14165.965 | D28: =נתונים!B27 -> 250 | E28: =INDEX(לוח_סילוקין!$F$2:$F$361,A28) -> 2604231.8 | F28: =נתונים!$B$5*(1+נתונים!$B$6)^(A28/12) -> 3500000 | G28: =F28-E28 -> 895768.24 | H28: =נתונים!B30*(1+נתונים!B31)^(B28-1) -> 6762.6 | I28: =נתונים!B32*(1-נתונים!B33/12)*(1+נתונים!B31)^(B28-1) -> 8724.1875 | J28: =(C28+D28)-H28 -> 7653.3646 | K28: =I28-H28 -> 1961.5875 | L28: =L27*(1+נתונים!B44)+J28 -> 606722.22 | M28: =M27*(1+נתונים!B44)+K28 -> 57266.095 | N28: =F28-(נתונים!B4+נתונים!B21) -> 290000 | O28: =MAX(0,N28)*נתונים!B36*(1-נתונים!B37) -> 0 | P28: =G28-O28 -> 895768.24 | Q28: =G28-O28+M28 -> 953034.33 | R28: =L28 -> 606722.22
A29: 28 | B29: =ROUNDUP(A29/12,0) -> 3 | C29: =נתונים!B43 -> 14165.965 | D29: =נתונים!B27 -> 250 | E29: =INDEX(לוח_סילוקין!$F$2:$F$361,A29) -> 2600482.7 | F29: =נתונים!$B$5*(1+נתונים!$B$6)^(A29/12) -> 3500000 | G29: =F29-E29 -> 899517.27 | H29: =נתונים!B30*(1+נתונים!B31)^(B29-1) -> 6762.6 | I29: =נתונים!B32*(1-נתונים!B33/12)*(1+נתונים!B31)^(B29-1) -> 8724.1875 | J29: =(C29+D29)-H29 -> 7653.3646 | K29: =I29-H29 -> 1961.5875 | L29: =L28*(1+נתונים!B44)+J29 -> 619213.67 | M29: =M28*(1+נתונים!B44)+K29 -> 59684.331 | N29: =F29-(נתונים!B4+נתונים!B21) -> 290000 | O29: =MAX(0,N29)*נתונים!B36*(1-נתונים!B37) -> 0 | P29: =G29-O29 -> 899517.27 | Q29: =G29-O29+M29 -> 959201.6 | R29: =L29 -> 619213.67
A30: 29 | B30: =ROUNDUP(A30/12,0) -> 3 | C30: =נתונים!B43 -> 14165.965 | D30: =נתונים!B27 -> 250 | E30: =INDEX(לוח_סילוקין!$F$2:$F$361,A30) -> 2596718.7 | F30: =נתונים!$B$5*(1+נתונים!$B$6)^(A30/12) -> 3500000 | G30: =F30-E30 -> 903281.31 | H30: =נתונים!B30*(1+נתונים!B31)^(B30-1) -> 6762.6 | I30: =נתונים!B32*(1-נתונים!B33/12)*(1+נתונים!B31)^(B30-1) -> 8724.1875 | J30: =(C30+D30)-H30 -> 7653.3646 | K30: =I30-H30 -> 1961.5875 | L30: =L29*(1+נתונים!B44)+J30 -> 631804.73 | M30: =M29*(1+נתונים!B44)+K30 -> 62121.85 | N30: =F30-(נתונים!B4+נתונים!B21) -> 290000 | O30: =MAX(0,N30)*נתונים!B36*(1-נתונים!B37) -> 0 | P30: =G30-O30 -> 903281.31 | Q30: =G30-O30+M30 -> 965403.16 | R30: =L30 -> 631804.73
A31: 30 | B31: =ROUNDUP(A31/12,0) -> 3 | C31: =נתונים!B43 -> 14165.965 | D31: =נתונים!B27 -> 250 | E31: =INDEX(לוח_סילוקין!$F$2:$F$361,A31) -> 2592939.6 | F31: =נתונים!$B$5*(1+נתונים!$B$6)^(A31/12) -> 3500000 | G31: =F31-E31 -> 907060.4 | H31: =נתונים!B30*(1+נתונים!B31)^(B31-1) -> 6762.6 | I31: =נתונים!B32*(1-נתונים!B33/12)*(1+נתונים!B31)^(B31-1) -> 8724.1875 | J31: =(C31+D31)-H31 -> 7653.3646 | K31: =I31-H31 -> 1961.5875 | L31: =L30*(1+נתונים!B44)+J31 -> 644496.2 | M31: =M30*(1+נתונים!B44)+K31 -> 64578.805 | N31: =F31-(נתונים!B4+נתונים!B21) -> 290000 | O31: =MAX(0,N31)*נתונים!B36*(1-נתונים!B37) -> 0 | P31: =G31-O31 -> 907060.4 | Q31: =G31-O31+M31 -> 971639.2 | R31: =L31 -> 644496.2
A32: 31 | B32: =ROUNDUP(A32/12,0) -> 3 | C32: =נתונים!B43 -> 14165.965 | D32: =נתונים!B27 -> 250 | E32: =INDEX(לוח_סילוקין!$F$2:$F$361,A32) -> 2589145.4 | F32: =נתונים!$B$5*(1+נתונים!$B$6)^(A32/12) -> 3500000 | G32: =F32-E32 -> 910854.6 | H32: =נתונים!B30*(1+נתונים!B31)^(B32-1) -> 6762.6 | I32: =נתונים!B32*(1-נתונים!B33/12)*(1+נתונים!B31)^(B32-1) -> 8724.1875 | J32: =(C32+D32)-H32 -> 7653.3646 | K32: =I32-H32 -> 1961.5875 | L32: =L31*(1+נתונים!B44)+J32 -> 657288.86 | M32: =M31*(1+נתונים!B44)+K32 -> 67055.353 | N32: =F32-(נתונים!B4+נתונים!B21) -> 290000 | O32: =MAX(0,N32)*נתונים!B36*(1-נתונים!B37) -> 0 | P32: =G32-O32 -> 910854.6 | Q32: =G32-O32+M32 -> 977909.96 | R32: =L32 -> 657288.86
A33: 32 | B33: =ROUNDUP(A33/12,0) -> 3 | C33: =נתונים!B43 -> 14165.965 | D33: =נתונים!B27 -> 250 | E33: =INDEX(לוח_סילוקין!$F$2:$F$361,A33) -> 2585336 | F33: =נתונים!$B$5*(1+נתונים!$B$6)^(A33/12) -> 3500000 | G33: =F33-E33 -> 914663.99 | H33: =נתונים!B30*(1+נתונים!B31)^(B33-1) -> 6762.6 | I33: =נתונים!B32*(1-נתונים!B33/12)*(1+נתונים!B31)^(B33-1) -> 8724.1875 | J33: =(C33+D33)-H33 -> 7653.3646 | K33: =I33-H33 -> 1961.5875 | L33: =L32*(1+נתונים!B44)+J33 -> 670183.54 | M33: =M32*(1+נתונים!B44)+K33 -> 69551.65 | N33: =F33-(נתונים!B4+נתונים!B21) -> 290000 | O33: =MAX(0,N33)*נתונים!B36*(1-נתונים!B37) -> 0 | P33: =G33-O33 -> 914663.99 | Q33: =G33-O33+M33 -> 984215.64 | R33: =L33 -> 670183.54
A34: 33 | B34: =ROUNDUP(A34/12,0) -> 3 | C34: =נתונים!B43 -> 14165.965 | D34: =נתונים!B27 -> 250 | E34: =INDEX(לוח_סילוקין!$F$2:$F$361,A34) -> 2581511.4 | F34: =נתונים!$B$5*(1+נתונים!$B$6)^(A34/12) -> 3500000 | G34: =F34-E34 -> 918488.61 | H34: =נתונים!B30*(1+נתונים!B31)^(B34-1) -> 6762.6 | I34: =נתונים!B32*(1-נתונים!B33/12)*(1+נתונים!B31)^(B34-1) -> 8724.1875 | J34: =(C34+D34)-H34 -> 7653.3646 | K34: =I34-H34 -> 1961.5875 | L34: =L33*(1+נתונים!B44)+J34 -> 683181.04 | M34: =M33*(1+נתונים!B44)+K34 -> 72067.852 | N34: =F34-(נתונים!B4+נתונים!B21) -> 290000 | O34: =MAX(0,N34)*נתונים!B36*(1-נתונים!B37) -> 0 | P34: =G34-O34 -> 918488.61 | Q34: =G34-O34+M34 -> 990556.46 | R34: =L34 -> 683181.04
A35: 34 | B35: =ROUNDUP(A35/12,0) -> 3 | C35: =נתונים!B43 -> 14165.965 | D35: =נתונים!B27 -> 250 | E35: =INDEX(לוח_סילוקין!$F$2:$F$361,A35) -> 2577671.5 | F35: =נתונים!$B$5*(1+נתונים!$B$6)^(A35/12) -> 3500000 | G35: =F35-E35 -> 922328.53 | H35: =נתונים!B30*(1+נתונים!B31)^(B35-1) -> 6762.6 | I35: =נתונים!B32*(1-נתונים!B33/12)*(1+נתונים!B31)^(B35-1) -> 8724.1875 | J35: =(C35+D35)-H35 -> 7653.3646 | K35: =I35-H35 -> 1961.5875 | L35: =L34*(1+נתונים!B44)+J35 -> 696282.19 | M35: =M34*(1+נתונים!B44)+K35 -> 74604.118 | N35: =F35-(נתונים!B4+נתונים!B21) -> 290000 | O35: =MAX(0,N35)*נתונים!B36*(1-נתונים!B37) -> 0 | P35: =G35-O35 -> 922328.53 | Q35: =G35-O35+M35 -> 996932.64 | R35: =L35 -> 696282.19
A36: 35 | B36: =ROUNDUP(A36/12,0) -> 3 | C36: =נתונים!B43 -> 14165.965 | D36: =נתונים!B27 -> 250 | E36: =INDEX(לוח_סילוקין!$F$2:$F$361,A36) -> 2573816.2 | F36: =נתונים!$B$5*(1+נתונים!$B$6)^(A36/12) -> 3500000 | G36: =F36-E36 -> 926183.8 | H36: =נתונים!B30*(1+נתונים!B31)^(B36-1) -> 6762.6 | I36: =נתונים!B32*(1-נתונים!B33/12)*(1+נתונים!B31)^(B36-1) -> 8724.1875 | J36: =(C36+D36)-H36 -> 7653.3646 | K36: =I36-H36 -> 1961.5875 | L36: =L35*(1+נתונים!B44)+J36 -> 709487.81 | M36: =M35*(1+נתונים!B44)+K36 -> 77160.61 | N36: =F36-(נתונים!B4+נתונים!B21) -> 290000 | O36: =MAX(0,N36)*נתונים!B36*(1-נתונים!B37) -> 0 | P36: =G36-O36 -> 926183.8 | Q36: =G36-O36+M36 -> 1003344.4 | R36: =L36 -> 709487.81
A37: 36 | B37: =ROUNDUP(A37/12,0) -> 3 | C37: =נתונים!B43 -> 14165.965 | D37: =נתונים!B27 -> 250 | E37: =INDEX(לוח_סילוקין!$F$2:$F$361,A37) -> 2569945.5 | F37: =נתונים!$B$5*(1+נתונים!$B$6)^(A37/12) -> 3500000 | G37: =F37-E37 -> 930054.5 | H37: =נתונים!B30*(1+נתונים!B31)^(B37-1) -> 6762.6 | I37: =נתונים!B32*(1-נתונים!B33/12)*(1+נתונים!B31)^(B37-1) -> 8724.1875 | J37: =(C37+D37)-H37 -> 7653.3646 | K37: =I37-H37 -> 1961.5875 | L37: =L36*(1+נתונים!B44)+J37 -> 722798.73 | M37: =M36*(1+נתונים!B44)+K37 -> 79737.487 | N37: =F37-(נתונים!B4+נתונים!B21) -> 290000 | O37: =MAX(0,N37)*נתונים!B36*(1-נתונים!B37) -> 0 | P37: =G37-O37 -> 930054.5 | Q37: =G37-O37+M37 -> 1009792 | R37: =L37 -> 722798.73
A38: 37 | B38: =ROUNDUP(A38/12,0) -> 4 | C38: =נתונים!B43 -> 14165.965 | D38: =נתונים!B27 -> 250 | E38: =INDEX(לוח_סילוקין!$F$2:$F$361,A38) -> 2566059.3 | F38: =נתונים!$B$5*(1+נתונים!$B$6)^(A38/12) -> 3500000 | G38: =F38-E38 -> 933940.69 | H38: =נתונים!B30*(1+נתונים!B31)^(B38-1) -> 6897.852 | I38: =נתונים!B32*(1-נתונים!B33/12)*(1+נתונים!B31)^(B38-1) -> 8898.6713 | J38: =(C38+D38)-H38 -> 7518.1126 | K38: =I38-H38 -> 2000.8193 | L38: =L37*(1+נתונים!B44)+J38 -> 736080.54 | M38: =M37*(1+נתונים!B44)+K38 -> 82374.144 | N38: =F38-(נתונים!B4+נתונים!B21) -> 290000 | O38: =MAX(0,N38)*נתונים!B36*(1-נתונים!B37) -> 0 | P38: =G38-O38 -> 933940.69 | Q38: =G38-O38+M38 -> 1016314.8 | R38: =L38 -> 736080.54
A39: 38 | B39: =ROUNDUP(A39/12,0) -> 4 | C39: =נתונים!B43 -> 14165.965 | D39: =נתונים!B27 -> 250 | E39: =INDEX(לוח_סילוקין!$F$2:$F$361,A39) -> 2562157.6 | F39: =נתונים!$B$5*(1+נתונים!$B$6)^(A39/12) -> 3500000 | G39: =F39-E39 -> 937842.41 | H39: =נתונים!B30*(1+נתונים!B31)^(B39-1) -> 6897.852 | I39: =נתונים!B32*(1-נתונים!B33/12)*(1+נתונים!B31)^(B39-1) -> 8898.6713 | J39: =(C39+D39)-H39 -> 7518.1126 | K39: =I39-H39 -> 2000.8193 | L39: =L38*(1+נתונים!B44)+J39 -> 749468.26 | M39: =M38*(1+נתונים!B44)+K39 -> 85031.826 | N39: =F39-(נתונים!B4+נתונים!B21) -> 290000 | O39: =MAX(0,N39)*נתונים!B36*(1-נתונים!B37) -> 0 | P39: =G39-O39 -> 937842.41 | Q39: =G39-O39+M39 -> 1022874.2 | R39: =L39 -> 749468.26
A40: 39 | B40: =ROUNDUP(A40/12,0) -> 4 | C40: =נתונים!B43 -> 14165.965 | D40: =נתונים!B27 -> 250 | E40: =INDEX(לוח_סילוקין!$F$2:$F$361,A40) -> 2558240.3 | F40: =נתונים!$B$5*(1+נתונים!$B$6)^(A40/12) -> 3500000 | G40: =F40-E40 -> 941759.75 | H40: =נתונים!B30*(1+נתונים!B31)^(B40-1) -> 6897.852 | I40: =נתונים!B32*(1-נתונים!B33/12)*(1+נתונים!B31)^(B40-1) -> 8898.6713 | J40: =(C40+D40)-H40 -> 7518.1126 | K40: =I40-H40 -> 2000.8193 | L40: =L39*(1+נתונים!B44)+J40 -> 762962.74 | M40: =M39*(1+נתונים!B44)+K40 -> 87710.701 | N40: =F40-(נתונים!B4+נתונים!B21) -> 290000 | O40: =MAX(0,N40)*נתונים!B36*(1-נתונים!B37) -> 0 | P40: =G40-O40 -> 941759.75 | Q40: =G40-O40+M40 -> 1029470.4 | R40: =L40 -> 762962.74
A41: 40 | B41: =ROUNDUP(A41/12,0) -> 4 | C41: =נתונים!B43 -> 14165.965 | D41: =נתונים!B27 -> 250 | E41: =INDEX(לוח_סילוקין!$F$2:$F$361,A41) -> 2554307.2 | F41: =נתונים!$B$5*(1+נתונים!$B$6)^(A41/12) -> 3500000 | G41: =F41-E41 -> 945692.75 | H41: =נתונים!B30*(1+נתונים!B31)^(B41-1) -> 6897.852 | I41: =נתונים!B32*(1-נתונים!B33/12)*(1+נתונים!B31)^(B41-1) -> 8898.6713 | J41: =(C41+D41)-H41 -> 7518.1126 | K41: =I41-H41 -> 2000.8193 | L41: =L40*(1+נתונים!B44)+J41 -> 776564.82 | M41: =M40*(1+נתונים!B44)+K41 -> 90410.938 | N41: =F41-(נתונים!B4+נתונים!B21) -> 290000 | O41: =MAX(0,N41)*נתונים!B36*(1-נתונים!B37) -> 0 | P41: =G41-O41 -> 945692.75 | Q41: =G41-O41+M41 -> 1036103.7 | R41: =L41 -> 776564.82
A42: 41 | B42: =ROUNDUP(A42/12,0) -> 4 | C42: =נתונים!B43 -> 14165.965 | D42: =נתונים!B27 -> 250 | E42: =INDEX(לוח_סילוקין!$F$2:$F$361,A42) -> 2550358.5 | F42: =נתונים!$B$5*(1+נתונים!$B$6)^(A42/12) -> 3500000 | G42: =F42-E42 -> 949641.49 | H42: =נתונים!B30*(1+נתונים!B31)^(B42-1) -> 6897.852 | I42: =נתונים!B32*(1-נתונים!B33/12)*(1+נתונים!B31)^(B42-1) -> 8898.6713 | J42: =(C42+D42)-H42 -> 7518.1126 | K42: =I42-H42 -> 2000.8193 | L42: =L41*(1+נתונים!B44)+J42 -> 790275.37 | M42: =M41*(1+נתונים!B44)+K42 -> 93132.707 | N42: =F42-(נתונים!B4+נתונים!B21) -> 290000 | O42: =MAX(0,N42)*נתונים!B36*(1-נתונים!B37) -> 0 | P42: =G42-O42 -> 949641.49 | Q42: =G42-O42+M42 -> 1042774.2 | R42: =L42 -> 790275.37
A43: 42 | B43: =ROUNDUP(A43/12,0) -> 4 | C43: =נתונים!B43 -> 14165.965 | D43: =נתונים!B27 -> 250 | E43: =INDEX(לוח_סילוקין!$F$2:$F$361,A43) -> 2546394 | F43: =נתונים!$B$5*(1+נתונים!$B$6)^(A43/12) -> 3500000 | G43: =F43-E43 -> 953606.02 | H43: =נתונים!B30*(1+נתונים!B31)^(B43-1) -> 6897.852 | I43: =נתונים!B32*(1-נתונים!B33/12)*(1+נתונים!B31)^(B43-1) -> 8898.6713 | J43: =(C43+D43)-H43 -> 7518.1126 | K43: =I43-H43 -> 2000.8193 | L43: =L42*(1+נתונים!B44)+J43 -> 804095.25 | M43: =M42*(1+נתונים!B44)+K43 -> 95876.179 | N43: =F43-(נתונים!B4+נתונים!B21) -> 290000 | O43: =MAX(0,N43)*נתונים!B36*(1-נתונים!B37) -> 0 | P43: =G43-O43 -> 953606.02 | Q43: =G43-O43+M43 -> 1049482.2 | R43: =L43 -> 804095.25
A44: 43 | B44: =ROUNDUP(A44/12,0) -> 4 | C44: =נתונים!B43 -> 14165.965 | D44: =נתונים!B27 -> 250 | E44: =INDEX(לוח_סילוקין!$F$2:$F$361,A44) -> 2542413.6 | F44: =נתונים!$B$5*(1+נתונים!$B$6)^(A44/12) -> 3500000 | G44: =F44-E44 -> 957586.41 | H44: =נתונים!B30*(1+נתונים!B31)^(B44-1) -> 6897.852 | I44: =נתונים!B32*(1-נתונים!B33/12)*(1+נתונים!B31)^(B44-1) -> 8898.6713 | J44: =(C44+D44)-H44 -> 7518.1126 | K44: =I44-H44 -> 2000.8193 | L44: =L43*(1+נתונים!B44)+J44 -> 818025.33 | M44: =M43*(1+נתונים!B44)+K44 -> 98641.528 | N44: =F44-(נתונים!B4+נתונים!B21) -> 290000 | O44: =MAX(0,N44)*נתונים!B36*(1-נתונים!B37) -> 0 | P44: =G44-O44 -> 957586.41 | Q44: =G44-O44+M44 -> 1056227.9 | R44: =L44 -> 818025.33
A45: 44 | B45: =ROUNDUP(A45/12,0) -> 4 | C45: =נתונים!B43 -> 14165.965 | D45: =נתונים!B27 -> 250 | E45: =INDEX(לוח_סילוקין!$F$2:$F$361,A45) -> 2538417.3 | F45: =נתונים!$B$5*(1+נתונים!$B$6)^(A45/12) -> 3500000 | G45: =F45-E45 -> 961582.72 | H45: =נתונים!B30*(1+נתונים!B31)^(B45-1) -> 6897.852 | I45: =נתונים!B32*(1-נתונים!B33/12)*(1+נתונים!B31)^(B45-1) -> 8898.6713 | J45: =(C45+D45)-H45 -> 7518.1126 | K45: =I45-H45 -> 2000.8193 | L45: =L44*(1+נתונים!B44)+J45 -> 832066.49 | M45: =M44*(1+נתונים!B44)+K45 -> 101428.93 | N45: =F45-(נתונים!B4+נתונים!B21) -> 290000 | O45: =MAX(0,N45)*נתונים!B36*(1-נתונים!B37) -> 0 | P45: =G45-O45 -> 961582.72 | Q45: =G45-O45+M45 -> 1063011.6 | R45: =L45 -> 832066.49
A46: 45 | B46: =ROUNDUP(A46/12,0) -> 4 | C46: =נתונים!B43 -> 14165.965 | D46: =נתונים!B27 -> 250 | E46: =INDEX(לוח_סילוקין!$F$2:$F$361,A46) -> 2534405 | F46: =נתונים!$B$5*(1+נתונים!$B$6)^(A46/12) -> 3500000 | G46: =F46-E46 -> 965595.01 | H46: =נתונים!B30*(1+נתונים!B31)^(B46-1) -> 6897.852 | I46: =נתונים!B32*(1-נתונים!B33/12)*(1+נתונים!B31)^(B46-1) -> 8898.6713 | J46: =(C46+D46)-H46 -> 7518.1126 | K46: =I46-H46 -> 2000.8193 | L46: =L45*(1+נתונים!B44)+J46 -> 846219.62 | M46: =M45*(1+נתונים!B44)+K46 -> 104238.56 | N46: =F46-(נתונים!B4+נתונים!B21) -> 290000 | O46: =MAX(0,N46)*נתונים!B36*(1-נתונים!B37) -> 0 | P46: =G46-O46 -> 965595.01 | Q46: =G46-O46+M46 -> 1069833.6 | R46: =L46 -> 846219.62
A47: 46 | B47: =ROUNDUP(A47/12,0) -> 4 | C47: =נתונים!B43 -> 14165.965 | D47: =נתונים!B27 -> 250 | E47: =INDEX(לוח_סילוקין!$F$2:$F$361,A47) -> 2530376.6 | F47: =נתונים!$B$5*(1+נתונים!$B$6)^(A47/12) -> 3500000 | G47: =F47-E47 -> 969623.36 | H47: =נתונים!B30*(1+נתונים!B31)^(B47-1) -> 6897.852 | I47: =נתונים!B32*(1-נתונים!B33/12)*(1+נתונים!B31)^(B47-1) -> 8898.6713 | J47: =(C47+D47)-H47 -> 7518.1126 | K47: =I47-H47 -> 2000.8193 | L47: =L46*(1+נתונים!B44)+J47 -> 860485.61 | M47: =M46*(1+נתונים!B44)+K47 -> 107070.59 | N47: =F47-(נתונים!B4+נתונים!B21) -> 290000 | O47: =MAX(0,N47)*נתונים!B36*(1-נתונים!B37) -> 0 | P47: =G47-O47 -> 969623.36 | Q47: =G47-O47+M47 -> 1076693.9 | R47: =L47 -> 860485.61
A48: 47 | B48: =ROUNDUP(A48/12,0) -> 4 | C48: =נתונים!B43 -> 14165.965 | D48: =נתונים!B27 -> 250 | E48: =INDEX(לוח_סילוקין!$F$2:$F$361,A48) -> 2526332.2 | F48: =נתונים!$B$5*(1+נתונים!$B$6)^(A48/12) -> 3500000 | G48: =F48-E48 -> 973667.81 | H48: =נתונים!B30*(1+נתונים!B31)^(B48-1) -> 6897.852 | I48: =נתונים!B32*(1-נתונים!B33/12)*(1+נתונים!B31)^(B48-1) -> 8898.6713 | J48: =(C48+D48)-H48 -> 7518.1126 | K48: =I48-H48 -> 2000.8193 | L48: =L47*(1+נתונים!B44)+J48 -> 874865.35 | M48: =M47*(1+נתונים!B44)+K48 -> 109925.2 | N48: =F48-(נתונים!B4+נתונים!B21) -> 290000 | O48: =MAX(0,N48)*נתונים!B36*(1-נתונים!B37) -> 0 | P48: =G48-O48 -> 973667.81 | Q48: =G48-O48+M48 -> 1083593 | R48: =L48 -> 874865.35
A49: 48 | B49: =ROUNDUP(A49/12,0) -> 4 | C49: =נתונים!B43 -> 14165.965 | D49: =נתונים!B27 -> 250 | E49: =INDEX(לוח_סילוקין!$F$2:$F$361,A49) -> 2522271.5 | F49: =נתונים!$B$5*(1+נתונים!$B$6)^(A49/12) -> 3500000 | G49: =F49-E49 -> 977728.45 | H49: =נתונים!B30*(1+נתונים!B31)^(B49-1) -> 6897.852 | I49: =נתונים!B32*(1-נתונים!B33/12)*(1+נתונים!B31)^(B49-1) -> 8898.6713 | J49: =(C49+D49)-H49 -> 7518.1126 | K49: =I49-H49 -> 2000.8193 | L49: =L48*(1+נתונים!B44)+J49 -> 889359.76 | M49: =M48*(1+נתונים!B44)+K49 -> 112802.58 | N49: =F49-(נתונים!B4+נתונים!B21) -> 290000 | O49: =MAX(0,N49)*נתונים!B36*(1-נתונים!B37) -> 0 | P49: =G49-O49 -> 977728.45 | Q49: =G49-O49+M49 -> 1090531 | R49: =L49 -> 889359.76
A50: 49 | B50: =ROUNDUP(A50/12,0) -> 5 | C50: =נתונים!B43 -> 14165.965 | D50: =נתונים!B27 -> 250 | E50: =INDEX(לוח_סילוקין!$F$2:$F$361,A50) -> 2518194.7 | F50: =נתונים!$B$5*(1+נתונים!$B$6)^(A50/12) -> 3500000 | G50: =F50-E50 -> 981805.33 | H50: =נתונים!B30*(1+נתונים!B31)^(B50-1) -> 7035.809 | I50: =נתונים!B32*(1-נתונים!B33/12)*(1+נתונים!B31)^(B50-1) -> 9076.6447 | J50: =(C50+D50)-H50 -> 7380.1555 | K50: =I50-H50 -> 2040.8356 | L50: =L49*(1+נתונים!B44)+J50 -> 903831.8 | M50: =M49*(1+נתונים!B44)+K50 -> 115742.92 | N50: =F50-(נתונים!B4+נתונים!B21) -> 290000 | O50: =MAX(0,N50)*נתונים!B36*(1-נתונים!B37) -> 0 | P50: =G50-O50 -> 981805.33 | Q50: =G50-O50+M50 -> 1097548.3 | R50: =L50 -> 903831.8
A51: 50 | B51: =ROUNDUP(A51/12,0) -> 5 | C51: =נתונים!B43 -> 14165.965 | D51: =נתונים!B27 -> 250 | E51: =INDEX(לוח_סילוקין!$F$2:$F$361,A51) -> 2514101.5 | F51: =נתונים!$B$5*(1+נתונים!$B$6)^(A51/12) -> 3500000 | G51: =F51-E51 -> 985898.51 | H51: =נתונים!B30*(1+נתונים!B31)^(B51-1) -> 7035.809 | I51: =נתונים!B32*(1-נתונים!B33/12)*(1+נתונים!B31)^(B51-1) -> 9076.6447 | J51: =(C51+D51)-H51 -> 7380.1555 | K51: =I51-H51 -> 2040.8356 | L51: =L50*(1+נתונים!B44)+J51 -> 918419.24 | M51: =M50*(1+נתונים!B44)+K51 -> 118706.71 | N51: =F51-(נתונים!B4+נתונים!B21) -> 290000 | O51: =MAX(0,N51)*נתונים!B36*(1-נתונים!B37) -> 0 | P51: =G51-O51 -> 985898.51 | Q51: =G51-O51+M51 -> 1104605.2 | R51: =L51 -> 918419.24
A52: 51 | B52: =ROUNDUP(A52/12,0) -> 5 | C52: =נתונים!B43 -> 14165.965 | D52: =נתונים!B27 -> 250 | E52: =INDEX(לוח_סילוקין!$F$2:$F$361,A52) -> 2509991.9 | F52: =נתונים!$B$5*(1+נתונים!$B$6)^(A52/12) -> 3500000 | G52: =F52-E52 -> 990008.07 | H52: =נתונים!B30*(1+נתונים!B31)^(B52-1) -> 7035.809 | I52: =נתונים!B32*(1-נתונים!B33/12)*(1+נתונים!B31)^(B52-1) -> 9076.6447 | J52: =(C52+D52)-H52 -> 7380.1555 | K52: =I52-H52 -> 2040.8356 | L52: =L51*(1+נתונים!B44)+J52 -> 933123 | M52: =M51*(1+נתונים!B44)+K52 -> 121694.13 | N52: =F52-(נתונים!B4+נתונים!B21) -> 290000 | O52: =MAX(0,N52)*נתונים!B36*(1-נתונים!B37) -> 0 | P52: =G52-O52 -> 990008.07 | Q52: =G52-O52+M52 -> 1111702.2 | R52: =L52 -> 933123
A53: 52 | B53: =ROUNDUP(A53/12,0) -> 5 | C53: =נתונים!B43 -> 14165.965 | D53: =נתונים!B27 -> 250 | E53: =INDEX(לוח_סילוקין!$F$2:$F$361,A53) -> 2505865.9 | F53: =נתונים!$B$5*(1+נתונים!$B$6)^(A53/12) -> 3500000 | G53: =F53-E53 -> 994134.07 | H53: =נתונים!B30*(1+נתונים!B31)^(B53-1) -> 7035.809 | I53: =נתונים!B32*(1-נתונים!B33/12)*(1+נתונים!B31)^(B53-1) -> 9076.6447 | J53: =(C53+D53)-H53 -> 7380.1555 | K53: =I53-H53 -> 2040.8356 | L53: =L52*(1+נתונים!B44)+J53 -> 947944.01 | M53: =M52*(1+נתונים!B44)+K53 -> 124705.37 | N53: =F53-(נתונים!B4+נתונים!B21) -> 290000 | O53: =MAX(0,N53)*נתונים!B36*(1-נתונים!B37) -> 0 | P53: =G53-O53 -> 994134.07 | Q53: =G53-O53+M53 -> 1118839.4 | R53: =L53 -> 947944.01
A54: 53 | B54: =ROUNDUP(A54/12,0) -> 5 | C54: =נתונים!B43 -> 14165.965 | D54: =נתונים!B27 -> 250 | E54: =INDEX(לוח_סילוקין!$F$2:$F$361,A54) -> 2501723.4 | F54: =נתונים!$B$5*(1+נתונים!$B$6)^(A54/12) -> 3500000 | G54: =F54-E54 -> 998276.57 | H54: =נתונים!B30*(1+נתונים!B31)^(B54-1) -> 7035.809 | I54: =נתונים!B32*(1-נתונים!B33/12)*(1+נתונים!B31)^(B54-1) -> 9076.6447 | J54: =(C54+D54)-H54 -> 7380.1555 | K54: =I54-H54 -> 2040.8356 | L54: =L53*(1+נתונים!B44)+J54 -> 962883.2 | M54: =M53*(1+נתונים!B44)+K54 -> 127740.62 | N54: =F54-(נתונים!B4+נתונים!B21) -> 290000 | O54: =MAX(0,N54)*נתונים!B36*(1-נתונים!B37) -> 0 | P54: =G54-O54 -> 998276.57 | Q54: =G54-O54+M54 -> 1126017.2 | R54: =L54 -> 962883.2
A55: 54 | B55: =ROUNDUP(A55/12,0) -> 5 | C55: =נתונים!B43 -> 14165.965 | D55: =נתונים!B27 -> 250 | E55: =INDEX(לוח_סילוקין!$F$2:$F$361,A55) -> 2497564.4 | F55: =נתונים!$B$5*(1+נתונים!$B$6)^(A55/12) -> 3500000 | G55: =F55-E55 -> 1002435.6 | H55: =נתונים!B30*(1+נתונים!B31)^(B55-1) -> 7035.809 | I55: =נתונים!B32*(1-נתונים!B33/12)*(1+נתונים!B31)^(B55-1) -> 9076.6447 | J55: =(C55+D55)-H55 -> 7380.1555 | K55: =I55-H55 -> 2040.8356 | L55: =L54*(1+נתונים!B44)+J55 -> 977941.52 | M55: =M54*(1+נתונים!B44)+K55 -> 130800.08 | N55: =F55-(נתונים!B4+נתונים!B21) -> 290000 | O55: =MAX(0,N55)*נתונים!B36*(1-נתונים!B37) -> 0 | P55: =G55-O55 -> 1002435.6 | Q55: =G55-O55+M55 -> 1133235.7 | R55: =L55 -> 977941.52
A56: 55 | B56: =ROUNDUP(A56/12,0) -> 5 | C56: =נתונים!B43 -> 14165.965 | D56: =נתונים!B27 -> 250 | E56: =INDEX(לוח_סילוקין!$F$2:$F$361,A56) -> 2493388.7 | F56: =נתונים!$B$5*(1+נתונים!$B$6)^(A56/12) -> 3500000 | G56: =F56-E56 -> 1006611.3 | H56: =נתונים!B30*(1+נתונים!B31)^(B56-1) -> 7035.809 | I56: =נתונים!B32*(1-נתונים!B33/12)*(1+נתונים!B31)^(B56-1) -> 9076.6447 | J56: =(C56+D56)-H56 -> 7380.1555 | K56: =I56-H56 -> 2040.8356 | L56: =L55*(1+נתונים!B44)+J56 -> 993119.92 | M56: =M55*(1+נתונים!B44)+K56 -> 133883.93 | N56: =F56-(נתונים!B4+נתונים!B21) -> 290000 | O56: =MAX(0,N56)*נתונים!B36*(1-נתונים!B37) -> 0 | P56: =G56-O56 -> 1006611.3 | Q56: =G56-O56+M56 -> 1140495.3 | R56: =L56 -> 993119.92
A57: 56 | B57: =ROUNDUP(A57/12,0) -> 5 | C57: =נתונים!B43 -> 14165.965 | D57: =נתונים!B27 -> 250 | E57: =INDEX(לוח_סילוקין!$F$2:$F$361,A57) -> 2489196.2 | F57: =נתונים!$B$5*(1+נתונים!$B$6)^(A57/12) -> 3500000 | G57: =F57-E57 -> 1010803.8 | H57: =נתונים!B30*(1+נתונים!B31)^(B57-1) -> 7035.809 | I57: =נתונים!B32*(1-נתונים!B33/12)*(1+נתונים!B31)^(B57-1) -> 9076.6447 | J57: =(C57+D57)-H57 -> 7380.1555 | K57: =I57-H57 -> 2040.8356 | L57: =L56*(1+נתונים!B44)+J57 -> 1008419.4 | M57: =M56*(1+נתונים!B44)+K57 -> 136992.38 | N57: =F57-(נתונים!B4+נתונים!B21) -> 290000 | O57: =MAX(0,N57)*נתונים!B36*(1-נתונים!B37) -> 0 | P57: =G57-O57 -> 1010803.8 | Q57: =G57-O57+M57 -> 1147796.1 | R57: =L57 -> 1008419.4
A58: 57 | B58: =ROUNDUP(A58/12,0) -> 5 | C58: =נתונים!B43 -> 14165.965 | D58: =נתונים!B27 -> 250 | E58: =INDEX(לוח_סילוקין!$F$2:$F$361,A58) -> 2484987.1 | F58: =נתונים!$B$5*(1+נתונים!$B$6)^(A58/12) -> 3500000 | G58: =F58-E58 -> 1015012.9 | H58: =נתונים!B30*(1+נתונים!B31)^(B58-1) -> 7035.809 | I58: =נתונים!B32*(1-נתונים!B33/12)*(1+נתונים!B31)^(B58-1) -> 9076.6447 | J58: =(C58+D58)-H58 -> 7380.1555 | K58: =I58-H58 -> 2040.8356 | L58: =L57*(1+נתונים!B44)+J58 -> 1023840.8 | M58: =M57*(1+נתונים!B44)+K58 -> 140125.61 | N58: =F58-(נתונים!B4+נתונים!B21) -> 290000 | O58: =MAX(0,N58)*נתונים!B36*(1-נתונים!B37) -> 0 | P58: =G58-O58 -> 1015012.9 | Q58: =G58-O58+M58 -> 1155138.5 | R58: =L58 -> 1023840.8
A59: 58 | B59: =ROUNDUP(A59/12,0) -> 5 | C59: =נתונים!B43 -> 14165.965 | D59: =נתונים!B27 -> 250 | E59: =INDEX(לוח_סילוקין!$F$2:$F$361,A59) -> 2480761 | F59: =נתונים!$B$5*(1+נתונים!$B$6)^(A59/12) -> 3500000 | G59: =F59-E59 -> 1019239 | H59: =נתונים!B30*(1+נתונים!B31)^(B59-1) -> 7035.809 | I59: =נתונים!B32*(1-נתונים!B33/12)*(1+נתונים!B31)^(B59-1) -> 9076.6447 | J59: =(C59+D59)-H59 -> 7380.1555 | K59: =I59-H59 -> 2040.8356 | L59: =L58*(1+נתונים!B44)+J59 -> 1039385.2 | M59: =M58*(1+נתונים!B44)+K59 -> 143283.83 | N59: =F59-(נתונים!B4+נתונים!B21) -> 290000 | O59: =MAX(0,N59)*נתונים!B36*(1-נתונים!B37) -> 0 | P59: =G59-O59 -> 1019239 | Q59: =G59-O59+M59 -> 1162522.8 | R59: =L59 -> 1039385.2
A60: 59 | B60: =ROUNDUP(A60/12,0) -> 5 | C60: =נתונים!B43 -> 14165.965 | D60: =נתונים!B27 -> 250 | E60: =INDEX(לוח_סילוקין!$F$2:$F$361,A60) -> 2476518.1 | F60: =נתונים!$B$5*(1+נתונים!$B$6)^(A60/12) -> 3500000 | G60: =F60-E60 -> 1023481.9 | H60: =נתונים!B30*(1+נתונים!B31)^(B60-1) -> 7035.809 | I60: =נתונים!B32*(1-נתונים!B33/12)*(1+נתונים!B31)^(B60-1) -> 9076.6447 | J60: =(C60+D60)-H60 -> 7380.1555 | K60: =I60-H60 -> 2040.8356 | L60: =L59*(1+נתונים!B44)+J60 -> 1055053.6 | M60: =M59*(1+נתונים!B44)+K60 -> 146467.23 | N60: =F60-(נתונים!B4+נתונים!B21) -> 290000 | O60: =MAX(0,N60)*נתונים!B36*(1-נתונים!B37) -> 0 | P60: =G60-O60 -> 1023481.9 | Q60: =G60-O60+M60 -> 1169949.1 | R60: =L60 -> 1055053.6
A61: 60 | B61: =ROUNDUP(A61/12,0) -> 5 | C61: =נתונים!B43 -> 14165.965 | D61: =נתונים!B27 -> 250 | E61: =INDEX(לוח_סילוקין!$F$2:$F$361,A61) -> 2472258.2 | F61: =נתונים!$B$5*(1+נתונים!$B$6)^(A61/12) -> 3500000 | G61: =F61-E61 -> 1027741.8 | H61: =נתונים!B30*(1+נתונים!B31)^(B61-1) -> 7035.809 | I61: =נתונים!B32*(1-נתונים!B33/12)*(1+נתונים!B31)^(B61-1) -> 9076.6447 | J61: =(C61+D61)-H61 -> 7380.1555 | K61: =I61-H61 -> 2040.8356 | L61: =L60*(1+נתונים!B44)+J61 -> 1070846.9 | M61: =M60*(1+נתונים!B44)+K61 -> 149676.01 | N61: =F61-(נתונים!B4+נתונים!B21) -> 290000 | O61: =MAX(0,N61)*נתונים!B36*(1-נתונים!B37) -> 0 | P61: =G61-O61 -> 1027741.8 | Q61: =G61-O61+M61 -> 1177417.8 | R61: =L61 -> 1070846.9
A62: 61 | B62: =ROUNDUP(A62/12,0) -> 6 | C62: =נתונים!B43 -> 14165.965 | D62: =נתונים!B27 -> 250 | E62: =INDEX(לוח_סילוקין!$F$2:$F$361,A62) -> 2467981.3 | F62: =נתונים!$B$5*(1+נתונים!$B$6)^(A62/12) -> 3500000 | G62: =F62-E62 -> 1032018.7 | H62: =נתונים!B30*(1+נתונים!B31)^(B62-1) -> 7176.5252 | I62: =נתונים!B32*(1-נתונים!B33/12)*(1+נתונים!B31)^(B62-1) -> 9258.1776 | J62: =(C62+D62)-H62 -> 7239.4393 | K62: =I62-H62 -> 2081.6523 | L62: =L61*(1+נתונים!B44)+J62 -> 1086625.4 | M62: =M61*(1+נתונים!B44)+K62 -> 152951.2 | N62: =F62-(נתונים!B4+נתונים!B21) -> 290000 | O62: =MAX(0,N62)*נתונים!B36*(1-נתונים!B37) -> 0 | P62: =G62-O62 -> 1032018.7 | Q62: =G62-O62+M62 -> 1184969.9 | R62: =L62 -> 1086625.4
A63: 62 | B63: =ROUNDUP(A63/12,0) -> 6 | C63: =נתונים!B43 -> 14165.965 | D63: =נתונים!B27 -> 250 | E63: =INDEX(לוח_סילוקין!$F$2:$F$361,A63) -> 2463687.3 | F63: =נתונים!$B$5*(1+נתונים!$B$6)^(A63/12) -> 3500000 | G63: =F63-E63 -> 1036312.7 | H63: =נתונים!B30*(1+נתונים!B31)^(B63-1) -> 7176.5252 | I63: =נתונים!B32*(1-נתונים!B33/12)*(1+נתונים!B31)^(B63-1) -> 9258.1776 | J63: =(C63+D63)-H63 -> 7239.4393 | K63: =I63-H63 -> 2081.6523 | L63: =L62*(1+נתונים!B44)+J63 -> 1102529.7 | M63: =M62*(1+נתונים!B44)+K63 -> 156252.51 | N63: =F63-(נתונים!B4+נתונים!B21) -> 290000 | O63: =MAX(0,N63)*נתונים!B36*(1-נתונים!B37) -> 0 | P63: =G63-O63 -> 1036312.7 | Q63: =G63-O63+M63 -> 1192565.2 | R63: =L63 -> 1102529.7
A64: 63 | B64: =ROUNDUP(A64/12,0) -> 6 | C64: =נתונים!B43 -> 14165.965 | D64: =נתונים!B27 -> 250 | E64: =INDEX(לוח_סילוקין!$F$2:$F$361,A64) -> 2459376 | F64: =נתונים!$B$5*(1+נתונים!$B$6)^(A64/12) -> 3500000 | G64: =F64-E64 -> 1040624 | H64: =נתונים!B30*(1+נתונים!B31)^(B64-1) -> 7176.5252 | I64: =נתונים!B32*(1-נתונים!B33/12)*(1+נתונים!B31)^(B64-1) -> 9258.1776 | J64: =(C64+D64)-H64 -> 7239.4393 | K64: =I64-H64 -> 2081.6523 | L64: =L63*(1+נתונים!B44)+J64 -> 1118560.9 | M64: =M63*(1+נתונים!B44)+K64 -> 159580.14 | N64: =F64-(נתונים!B4+נתונים!B21) -> 290000 | O64: =MAX(0,N64)*נתונים!B36*(1-נתונים!B37) -> 0 | P64: =G64-O64 -> 1040624 | Q64: =G64-O64+M64 -> 1200204.1 | R64: =L64 -> 1118560.9
A65: 64 | B65: =ROUNDUP(A65/12,0) -> 6 | C65: =נתונים!B43 -> 14165.965 | D65: =נתונים!B27 -> 250 | E65: =INDEX(לוח_סילוקין!$F$2:$F$361,A65) -> 2455047.6 | F65: =נתונים!$B$5*(1+נתונים!$B$6)^(A65/12) -> 3500000 | G65: =F65-E65 -> 1044952.4 | H65: =נתונים!B30*(1+נתונים!B31)^(B65-1) -> 7176.5252 | I65: =נתונים!B32*(1-נתונים!B33/12)*(1+נתונים!B31)^(B65-1) -> 9258.1776 | J65: =(C65+D65)-H65 -> 7239.4393 | K65: =I65-H65 -> 2081.6523 | L65: =L64*(1+נתונים!B44)+J65 -> 1134719.9 | M65: =M64*(1+נתונים!B44)+K65 -> 162934.31 | N65: =F65-(נתונים!B4+נתונים!B21) -> 290000 | O65: =MAX(0,N65)*נתונים!B36*(1-נתונים!B37) -> 0 | P65: =G65-O65 -> 1044952.4 | Q65: =G65-O65+M65 -> 1207886.7 | R65: =L65 -> 1134719.9
A66: 65 | B66: =ROUNDUP(A66/12,0) -> 6 | C66: =נתונים!B43 -> 14165.965 | D66: =נתונים!B27 -> 250 | E66: =INDEX(לוח_סילוקין!$F$2:$F$361,A66) -> 2450701.8 | F66: =נתונים!$B$5*(1+נתונים!$B$6)^(A66/12) -> 3500000 | G66: =F66-E66 -> 1049298.2 | H66: =נתונים!B30*(1+נתונים!B31)^(B66-1) -> 7176.5252 | I66: =נתונים!B32*(1-נתונים!B33/12)*(1+נתונים!B31)^(B66-1) -> 9258.1776 | J66: =(C66+D66)-H66 -> 7239.4393 | K66: =I66-H66 -> 2081.6523 | L66: =L65*(1+נתונים!B44)+J66 -> 1151007.7 | M66: =M65*(1+נתונים!B44)+K66 -> 166315.22 | N66: =F66-(נתונים!B4+נתונים!B21) -> 290000 | O66: =MAX(0,N66)*נתונים!B36*(1-נתונים!B37) -> 0 | P66: =G66-O66 -> 1049298.2 | Q66: =G66-O66+M66 -> 1215613.4 | R66: =L66 -> 1151007.7
A67: 66 | B67: =ROUNDUP(A67/12,0) -> 6 | C67: =נתונים!B43 -> 14165.965 | D67: =נתונים!B27 -> 250 | E67: =INDEX(לוח_סילוקין!$F$2:$F$361,A67) -> 2446338.7 | F67: =נתונים!$B$5*(1+נתונים!$B$6)^(A67/12) -> 3500000 | G67: =F67-E67 -> 1053661.3 | H67: =נתונים!B30*(1+נתונים!B31)^(B67-1) -> 7176.5252 | I67: =נתונים!B32*(1-נתונים!B33/12)*(1+נתונים!B31)^(B67-1) -> 9258.1776 | J67: =(C67+D67)-H67 -> 7239.4393 | K67: =I67-H67 -> 2081.6523 | L67: =L66*(1+נתונים!B44)+J67 -> 1167425.5 | M67: =M66*(1+נתונים!B44)+K67 -> 169723.1 | N67: =F67-(נתונים!B4+נתונים!B21) -> 290000 | O67: =MAX(0,N67)*נתונים!B36*(1-נתונים!B37) -> 0 | P67: =G67-O67 -> 1053661.3 | Q67: =G67-O67+M67 -> 1223384.4 | R67: =L67 -> 1167425.5
A68: 67 | B68: =ROUNDUP(A68/12,0) -> 6 | C68: =נתונים!B43 -> 14165.965 | D68: =נתונים!B27 -> 250 | E68: =INDEX(לוח_סילוקין!$F$2:$F$361,A68) -> 2441958 | F68: =נתונים!$B$5*(1+נתונים!$B$6)^(A68/12) -> 3500000 | G68: =F68-E68 -> 1058042 | H68: =נתונים!B30*(1+נתונים!B31)^(B68-1) -> 7176.5252 | I68: =נתונים!B32*(1-נתונים!B33/12)*(1+נתונים!B31)^(B68-1) -> 9258.1776 | J68: =(C68+D68)-H68 -> 7239.4393 | K68: =I68-H68 -> 2081.6523 | L68: =L67*(1+נתונים!B44)+J68 -> 1183974.1 | M68: =M67*(1+נתונים!B44)+K68 -> 173158.14 | N68: =F68-(נתונים!B4+נתונים!B21) -> 290000 | O68: =MAX(0,N68)*נתונים!B36*(1-נתונים!B37) -> 0 | P68: =G68-O68 -> 1058042 | Q68: =G68-O68+M68 -> 1231200.1 | R68: =L68 -> 1183974.1
A69: 68 | B69: =ROUNDUP(A69/12,0) -> 6 | C69: =נתונים!B43 -> 14165.965 | D69: =נתונים!B27 -> 250 | E69: =INDEX(לוח_סילוקין!$F$2:$F$361,A69) -> 2437559.9 | F69: =נתונים!$B$5*(1+נתונים!$B$6)^(A69/12) -> 3500000 | G69: =F69-E69 -> 1062440.1 | H69: =נתונים!B30*(1+נתונים!B31)^(B69-1) -> 7176.5252 | I69: =נתונים!B32*(1-נתונים!B33/12)*(1+נתונים!B31)^(B69-1) -> 9258.1776 | J69: =(C69+D69)-H69 -> 7239.4393 | K69: =I69-H69 -> 2081.6523 | L69: =L68*(1+נתונים!B44)+J69 -> 1200654.7 | M69: =M68*(1+נתונים!B44)+K69 -> 176620.58 | N69: =F69-(נתונים!B4+נתונים!B21) -> 290000 | O69: =MAX(0,N69)*נתונים!B36*(1-נתונים!B37) -> 0 | P69: =G69-O69 -> 1062440.1 | Q69: =G69-O69+M69 -> 1239060.7 | R69: =L69 -> 1200654.7
A70: 69 | B70: =ROUNDUP(A70/12,0) -> 6 | C70: =נתונים!B43 -> 14165.965 | D70: =נתונים!B27 -> 250 | E70: =INDEX(לוח_סילוקין!$F$2:$F$361,A70) -> 2433144.2 | F70: =נתונים!$B$5*(1+נתונים!$B$6)^(A70/12) -> 3500000 | G70: =F70-E70 -> 1066855.8 | H70: =נתונים!B30*(1+נתונים!B31)^(B70-1) -> 7176.5252 | I70: =נתונים!B32*(1-נתונים!B33/12)*(1+נתונים!B31)^(B70-1) -> 9258.1776 | J70: =(C70+D70)-H70 -> 7239.4393 | K70: =I70-H70 -> 2081.6523 | L70: =L69*(1+נתונים!B44)+J70 -> 1217468.4 | M70: =M69*(1+נתונים!B44)+K70 -> 180110.63 | N70: =F70-(נתונים!B4+נתונים!B21) -> 290000 | O70: =MAX(0,N70)*נתונים!B36*(1-נתונים!B37) -> 0 | P70: =G70-O70 -> 1066855.8 | Q70: =G70-O70+M70 -> 1246966.4 | R70: =L70 -> 1217468.4
A71: 70 | B71: =ROUNDUP(A71/12,0) -> 6 | C71: =נתונים!B43 -> 14165.965 | D71: =נתונים!B27 -> 250 | E71: =INDEX(לוח_סילוקין!$F$2:$F$361,A71) -> 2428710.8 | F71: =נתונים!$B$5*(1+נתונים!$B$6)^(A71/12) -> 3500000 | G71: =F71-E71 -> 1071289.2 | H71: =נתונים!B30*(1+נתונים!B31)^(B71-1) -> 7176.5252 | I71: =נתונים!B32*(1-נתונים!B33/12)*(1+נתונים!B31)^(B71-1) -> 9258.1776 | J71: =(C71+D71)-H71 -> 7239.4393 | K71: =I71-H71 -> 2081.6523 | L71: =L70*(1+נתונים!B44)+J71 -> 1234416.1 | M71: =M70*(1+נתונים!B44)+K71 -> 183628.51 | N71: =F71-(נתונים!B4+נתונים!B21) -> 290000 | O71: =MAX(0,N71)*נתונים!B36*(1-נתונים!B37) -> 0 | P71: =G71-O71 -> 1071289.2 | Q71: =G71-O71+M71 -> 1254917.7 | R71: =L71 -> 1234416.1
A72: 71 | B72: =ROUNDUP(A72/12,0) -> 6 | C72: =נתונים!B43 -> 14165.965 | D72: =נתונים!B27 -> 250 | E72: =INDEX(לוח_סילוקין!$F$2:$F$361,A72) -> 2424259.7 | F72: =נתונים!$B$5*(1+נתונים!$B$6)^(A72/12) -> 3500000 | G72: =F72-E72 -> 1075740.3 | H72: =נתונים!B30*(1+נתונים!B31)^(B72-1) -> 7176.5252 | I72: =נתונים!B32*(1-נתונים!B33/12)*(1+נתונים!B31)^(B72-1) -> 9258.1776 | J72: =(C72+D72)-H72 -> 7239.4393 | K72: =I72-H72 -> 2081.6523 | L72: =L71*(1+נתונים!B44)+J72 -> 1251498.9 | M72: =M71*(1+נתונים!B44)+K72 -> 187174.45 | N72: =F72-(נתונים!B4+נתונים!B21) -> 290000 | O72: =MAX(0,N72)*נתונים!B36*(1-נתונים!B37) -> 0 | P72: =G72-O72 -> 1075740.3 | Q72: =G72-O72+M72 -> 1262914.8 | R72: =L72 -> 1251498.9
A73: 72 | B73: =ROUNDUP(A73/12,0) -> 6 | C73: =נתונים!B43 -> 14165.965 | D73: =נתונים!B27 -> 250 | E73: =INDEX(לוח_סילוקין!$F$2:$F$361,A73) -> 2419790.8 | F73: =נתונים!$B$5*(1+נתונים!$B$6)^(A73/12) -> 3500000 | G73: =F73-E73 -> 1080209.2 | H73: =נתונים!B30*(1+נתונים!B31)^(B73-1) -> 7176.5252 | I73: =נתונים!B32*(1-נתונים!B33/12)*(1+נתונים!B31)^(B73-1) -> 9258.1776 | J73: =(C73+D73)-H73 -> 7239.4393 | K73: =I73-H73 -> 2081.6523 | L73: =L72*(1+נתונים!B44)+J73 -> 1268718 | M73: =M72*(1+נתונים!B44)+K73 -> 190748.65 | N73: =F73-(נתונים!B4+נתונים!B21) -> 290000 | O73: =MAX(0,N73)*נתונים!B36*(1-נתונים!B37) -> 0 | P73: =G73-O73 -> 1080209.2 | Q73: =G73-O73+M73 -> 1270957.9 | R73: =L73 -> 1268718
A74: 73 | B74: =ROUNDUP(A74/12,0) -> 7 | C74: =נתונים!B43 -> 14165.965 | D74: =נתונים!B27 -> 250 | E74: =INDEX(לוח_סילוקין!$F$2:$F$361,A74) -> 2415304 | F74: =נתונים!$B$5*(1+נתונים!$B$6)^(A74/12) -> 3500000 | G74: =F74-E74 -> 1084696 | H74: =נתונים!B30*(1+נתונים!B31)^(B74-1) -> 7320.0557 | I74: =נתונים!B32*(1-נתונים!B33/12)*(1+נתונים!B31)^(B74-1) -> 9443.3411 | J74: =(C74+D74)-H74 -> 7095.9088 | K74: =I74-H74 -> 2123.2854 | L74: =L73*(1+נתונים!B44)+J74 -> 1285930.8 | M74: =M73*(1+נתונים!B44)+K74 -> 194393 | N74: =F74-(נתונים!B4+נתונים!B21) -> 290000 | O74: =MAX(0,N74)*נתונים!B36*(1-נתונים!B37) -> 0 | P74: =G74-O74 -> 1084696 | Q74: =G74-O74+M74 -> 1279089 | R74: =L74 -> 1285930.8
A75: 74 | B75: =ROUNDUP(A75/12,0) -> 7 | C75: =נתונים!B43 -> 14165.965 | D75: =נתונים!B27 -> 250 | E75: =INDEX(לוח_סילוקין!$F$2:$F$361,A75) -> 2410799.2 | F75: =נתונים!$B$5*(1+נתונים!$B$6)^(A75/12) -> 3500000 | G75: =F75-E75 -> 1089200.8 | H75: =נתונים!B30*(1+נתונים!B31)^(B75-1) -> 7320.0557 | I75: =נתונים!B32*(1-נתונים!B33/12)*(1+נתונים!B31)^(B75-1) -> 9443.3411 | J75: =(C75+D75)-H75 -> 7095.9088 | K75: =I75-H75 -> 2123.2854 | L75: =L74*(1+נתונים!B44)+J75 -> 1303280.9 | M75: =M74*(1+נתונים!B44)+K75 -> 198066.4 | N75: =F75-(נתונים!B4+נתונים!B21) -> 290000 | O75: =MAX(0,N75)*נתונים!B36*(1-נתונים!B37) -> 0 | P75: =G75-O75 -> 1089200.8 | Q75: =G75-O75+M75 -> 1287267.2 | R75: =L75 -> 1303280.9
A76: 75 | B76: =ROUNDUP(A76/12,0) -> 7 | C76: =נתונים!B43 -> 14165.965 | D76: =נתונים!B27 -> 250 | E76: =INDEX(לוח_סילוקין!$F$2:$F$361,A76) -> 2406276.4 | F76: =נתונים!$B$5*(1+נתונים!$B$6)^(A76/12) -> 3500000 | G76: =F76-E76 -> 1093723.6 | H76: =נתונים!B30*(1+נתונים!B31)^(B76-1) -> 7320.0557 | I76: =נתונים!B32*(1-נתונים!B33/12)*(1+נתונים!B31)^(B76-1) -> 9443.3411 | J76: =(C76+D76)-H76 -> 7095.9088 | K76: =I76-H76 -> 2123.2854 | L76: =L75*(1+נתונים!B44)+J76 -> 1320769.4 | M76: =M75*(1+נתונים!B44)+K76 -> 201769.09 | N76: =F76-(נתונים!B4+נתונים!B21) -> 290000 | O76: =MAX(0,N76)*נתונים!B36*(1-נתונים!B37) -> 0 | P76: =G76-O76 -> 1093723.6 | Q76: =G76-O76+M76 -> 1295492.7 | R76: =L76 -> 1320769.4
A77: 76 | B77: =ROUNDUP(A77/12,0) -> 7 | C77: =נתונים!B43 -> 14165.965 | D77: =נתונים!B27 -> 250 | E77: =INDEX(לוח_סילוקין!$F$2:$F$361,A77) -> 2401735.6 | F77: =נתונים!$B$5*(1+נתונים!$B$6)^(A77/12) -> 3500000 | G77: =F77-E77 -> 1098264.4 | H77: =נתונים!B30*(1+נתונים!B31)^(B77-1) -> 7320.0557 | I77: =נתונים!B32*(1-נתונים!B33/12)*(1+נתונים!B31)^(B77-1) -> 9443.3411 | J77: =(C77+D77)-H77 -> 7095.9088 | K77: =I77-H77 -> 2123.2854 | L77: =L76*(1+נתונים!B44)+J77 -> 1338397.3 | M77: =M76*(1+נתונים!B44)+K77 -> 205501.31 | N77: =F77-(נתונים!B4+נתונים!B21) -> 290000 | O77: =MAX(0,N77)*נתונים!B36*(1-נתונים!B37) -> 0 | P77: =G77-O77 -> 1098264.4 | Q77: =G77-O77+M77 -> 1303765.7 | R77: =L77 -> 1338397.3
A78: 77 | B78: =ROUNDUP(A78/12,0) -> 7 | C78: =נתונים!B43 -> 14165.965 | D78: =נתונים!B27 -> 250 | E78: =INDEX(לוח_סילוקין!$F$2:$F$361,A78) -> 2397176.6 | F78: =נתונים!$B$5*(1+נתונים!$B$6)^(A78/12) -> 3500000 | G78: =F78-E78 -> 1102823.4 | H78: =נתונים!B30*(1+נתונים!B31)^(B78-1) -> 7320.0557 | I78: =נתונים!B32*(1-נתונים!B33/12)*(1+נתונים!B31)^(B78-1) -> 9443.3411 | J78: =(C78+D78)-H78 -> 7095.9088 | K78: =I78-H78 -> 2123.2854 | L78: =L77*(1+נתונים!B44)+J78 -> 1356165.8 | M78: =M77*(1+נתונים!B44)+K78 -> 209263.29 | N78: =F78-(נתונים!B4+נתונים!B21) -> 290000 | O78: =MAX(0,N78)*נתונים!B36*(1-נתונים!B37) -> 0 | P78: =G78-O78 -> 1102823.4 | Q78: =G78-O78+M78 -> 1312086.7 | R78: =L78 -> 1356165.8
A79: 78 | B79: =ROUNDUP(A79/12,0) -> 7 | C79: =נתונים!B43 -> 14165.965 | D79: =נתונים!B27 -> 250 | E79: =INDEX(לוח_סילוקין!$F$2:$F$361,A79) -> 2392599.3 | F79: =נתונים!$B$5*(1+נתונים!$B$6)^(A79/12) -> 3500000 | G79: =F79-E79 -> 1107400.7 | H79: =נתונים!B30*(1+נתונים!B31)^(B79-1) -> 7320.0557 | I79: =נתונים!B32*(1-נתונים!B33/12)*(1+נתונים!B31)^(B79-1) -> 9443.3411 | J79: =(C79+D79)-H79 -> 7095.9088 | K79: =I79-H79 -> 2123.2854 | L79: =L78*(1+נתונים!B44)+J79 -> 1374075.9 | M79: =M78*(1+נתונים!B44)+K79 -> 213055.28 | N79: =F79-(נתונים!B4+נתונים!B21) -> 290000 | O79: =MAX(0,N79)*נתונים!B36*(1-נתונים!B37) -> 0 | P79: =G79-O79 -> 1107400.7 | Q79: =G79-O79+M79 -> 1320456 | R79: =L79 -> 1374075.9
A80: 79 | B80: =ROUNDUP(A80/12,0) -> 7 | C80: =נתונים!B43 -> 14165.965 | D80: =נתונים!B27 -> 250 | E80: =INDEX(לוח_סילוקין!$F$2:$F$361,A80) -> 2388003.7 | F80: =נתונים!$B$5*(1+נתונים!$B$6)^(A80/12) -> 3500000 | G80: =F80-E80 -> 1111996.3 | H80: =נתונים!B30*(1+נתונים!B31)^(B80-1) -> 7320.0557 | I80: =נתונים!B32*(1-נתונים!B33/12)*(1+נתונים!B31)^(B80-1) -> 9443.3411 | J80: =(C80+D80)-H80 -> 7095.9088 | K80: =I80-H80 -> 2123.2854 | L80: =L79*(1+נתונים!B44)+J80 -> 1392128.9 | M80: =M79*(1+נתונים!B44)+K80 -> 216877.49 | N80: =F80-(נתונים!B4+נתונים!B21) -> 290000 | O80: =MAX(0,N80)*נתונים!B36*(1-נתונים!B37) -> 0 | P80: =G80-O80 -> 1111996.3 | Q80: =G80-O80+M80 -> 1328873.8 | R80: =L80 -> 1392128.9
A81: 80 | B81: =ROUNDUP(A81/12,0) -> 7 | C81: =נתונים!B43 -> 14165.965 | D81: =נתונים!B27 -> 250 | E81: =INDEX(לוח_סילוקין!$F$2:$F$361,A81) -> 2383389.8 | F81: =נתונים!$B$5*(1+נתונים!$B$6)^(A81/12) -> 3500000 | G81: =F81-E81 -> 1116610.2 | H81: =נתונים!B30*(1+נתונים!B31)^(B81-1) -> 7320.0557 | I81: =נתונים!B32*(1-נתונים!B33/12)*(1+נתונים!B31)^(B81-1) -> 9443.3411 | J81: =(C81+D81)-H81 -> 7095.9088 | K81: =I81-H81 -> 2123.2854 | L81: =L80*(1+נתונים!B44)+J81 -> 1410325.9 | M81: =M80*(1+נתונים!B44)+K81 -> 220730.19 | N81: =F81-(נתונים!B4+נתונים!B21) -> 290000 | O81: =MAX(0,N81)*נתונים!B36*(1-נתונים!B37) -> 0 | P81: =G81-O81 -> 1116610.2 | Q81: =G81-O81+M81 -> 1337340.4 | R81: =L81 -> 1410325.9
A82: 81 | B82: =ROUNDUP(A82/12,0) -> 7 | C82: =נתונים!B43 -> 14165.965 | D82: =נתונים!B27 -> 250 | E82: =INDEX(לוח_סילוקין!$F$2:$F$361,A82) -> 2378757.4 | F82: =נתונים!$B$5*(1+נתונים!$B$6)^(A82/12) -> 3500000 | G82: =F82-E82 -> 1121242.6 | H82: =נתונים!B30*(1+נתונים!B31)^(B82-1) -> 7320.0557 | I82: =נתונים!B32*(1-נתונים!B33/12)*(1+נתונים!B31)^(B82-1) -> 9443.3411 | J82: =(C82+D82)-H82 -> 7095.9088 | K82: =I82-H82 -> 2123.2854 | L82: =L81*(1+נתונים!B44)+J82 -> 1428667.9 | M82: =M81*(1+נתונים!B44)+K82 -> 224613.61 | N82: =F82-(נתונים!B4+נתונים!B21) -> 290000 | O82: =MAX(0,N82)*נתונים!B36*(1-נתונים!B37) -> 0 | P82: =G82-O82 -> 1121242.6 | Q82: =G82-O82+M82 -> 1345856.2 | R82: =L82 -> 1428667.9
A83: 82 | B83: =ROUNDUP(A83/12,0) -> 7 | C83: =נתונים!B43 -> 14165.965 | D83: =נתונים!B27 -> 250 | E83: =INDEX(לוח_סילוקין!$F$2:$F$361,A83) -> 2374106.4 | F83: =נתונים!$B$5*(1+נתונים!$B$6)^(A83/12) -> 3500000 | G83: =F83-E83 -> 1125893.6 | H83: =נתונים!B30*(1+נתונים!B31)^(B83-1) -> 7320.0557 | I83: =נתונים!B32*(1-נתונים!B33/12)*(1+נתונים!B31)^(B83-1) -> 9443.3411 | J83: =(C83+D83)-H83 -> 7095.9088 | K83: =I83-H83 -> 2123.2854 | L83: =L82*(1+נתונים!B44)+J83 -> 1447156.2 | M83: =M82*(1+נתונים!B44)+K83 -> 228528 | N83: =F83-(נתונים!B4+נתונים!B21) -> 290000 | O83: =MAX(0,N83)*נתונים!B36*(1-נתונים!B37) -> 0 | P83: =G83-O83 -> 1125893.6 | Q83: =G83-O83+M83 -> 1354421.6 | R83: =L83 -> 1447156.2
A84: 83 | B84: =ROUNDUP(A84/12,0) -> 7 | C84: =נתונים!B43 -> 14165.965 | D84: =נתונים!B27 -> 250 | E84: =INDEX(לוח_סילוקין!$F$2:$F$361,A84) -> 2369436.9 | F84: =נתונים!$B$5*(1+נתונים!$B$6)^(A84/12) -> 3500000 | G84: =F84-E84 -> 1130563.1 | H84: =נתונים!B30*(1+נתונים!B31)^(B84-1) -> 7320.0557 | I84: =נתונים!B32*(1-נתונים!B33/12)*(1+נתונים!B31)^(B84-1) -> 9443.3411 | J84: =(C84+D84)-H84 -> 7095.9088 | K84: =I84-H84 -> 2123.2854 | L84: =L83*(1+נתונים!B44)+J84 -> 1465792 | M84: =M83*(1+נתונים!B44)+K84 -> 232473.59 | N84: =F84-(נתונים!B4+נתונים!B21) -> 290000 | O84: =MAX(0,N84)*נתונים!B36*(1-נתונים!B37) -> 0 | P84: =G84-O84 -> 1130563.1 | Q84: =G84-O84+M84 -> 1363036.7 | R84: =L84 -> 1465792
A85: 84 | B85: =ROUNDUP(A85/12,0) -> 7 | C85: =נתונים!B43 -> 14165.965 | D85: =נתונים!B27 -> 250 | E85: =INDEX(לוח_סילוקין!$F$2:$F$361,A85) -> 2364748.7 | F85: =נתונים!$B$5*(1+נתונים!$B$6)^(A85/12) -> 3500000 | G85: =F85-E85 -> 1135251.3 | H85: =נתונים!B30*(1+נתונים!B31)^(B85-1) -> 7320.0557 | I85: =נתונים!B32*(1-נתונים!B33/12)*(1+נתונים!B31)^(B85-1) -> 9443.3411 | J85: =(C85+D85)-H85 -> 7095.9088 | K85: =I85-H85 -> 2123.2854 | L85: =L84*(1+נתונים!B44)+J85 -> 1484576.3 | M85: =M84*(1+נתונים!B44)+K85 -> 236450.66 | N85: =F85-(נתונים!B4+נתונים!B21) -> 290000 | O85: =MAX(0,N85)*נתונים!B36*(1-נתונים!B37) -> 0 | P85: =G85-O85 -> 1135251.3 | Q85: =G85-O85+M85 -> 1371702 | R85: =L85 -> 1484576.3

Sheet דשבורד
A1: דשבורד השוואה - מחיר מטרה מול S&P 500
A3: הסבר שלושת המסלולים:
A4: מסלול A - "גר בדירה": קונים את דירת מחיר מטרה וגרים בה. השווי הנטו = הון עצמי בדירה (שווי שוק פחות יתרת משכנתא).
A5: מסלול B - "משכיר": קונים את הדירה אך משכירים אותה, וגרים בשכירות במקום אחר. השווי הנטו = הון עצמי בדירה (נטו ממס שבח) + תיק השקעות שמתחיל מ-600 אלף ש"ח (ההון העצמי) ונובע מהפרש תזרים (הכנסה משכירות פחות הוצאות הדירה פחות שכר הדירה ששולם).
A6: מסלול C - "לא קונים": לא משתתפים בהגרלה, ממשיכים לגור בשכירות, ומשקיעים את ההון העצמי (600 אלף ש"ח לפי הדוגמה) ב-S&P 500, בתוספת הפרש חודשי בין עלות "הדירה" (משכנתא+הוצאות) לשכר הדירה בפועל. ההוצאות החד-פעמיות (מדד תשומות, שדרוגים וכו') ממומנות בנפרד ולכן לא מנוכות מסכום ההשקעה הראשוני.
A7: מס שבח: בדף "נתונים" ניתן להגדיר את שיעור המס ואת הפטור (דירה יחידה). אם יש פטור (1), הוא לא מנוכה מהשווי הנטו. אם אין פטור (0), מנוכה מס על הרווח (שווי הדירה בעתיד פחות מחיר רכישה ועלויות חד-פעמיות) במסלולים A ו-B.
A9: שנה | B9: מסלול A - גר בדירה | C9: מסלול B - משכיר | D9: מסלול C - לא קונה (S&P) | E9: A-C | F9: B-C
A10: 1 | B10: =השוואה_חודשית!P13 -> 841292.14 | C10: =השוואה_חודשית!Q13 -> 864936.28 | D10: =השוואה_חודשית!R13 -> 429270.44 | E10: =B10-D10 -> 412021.7 | F10: =C10-D10 -> 435665.84
A11: 2 | B11: =השוואה_חודשית!P25 -> 884610.5 | C11: =השוואה_חודשית!Q25 -> 934736.07 | D11: =השוואה_חודשית!R25 -> 569837.66 | E11: =B11-D11 -> 314772.84 | F11: =C11-D11 -> 364898.41
A12: 3 | B12: =השוואה_חודשית!P37 -> 930054.5 | C12: =השוואה_חודשית!Q37 -> 1009792 | D12: =השוואה_חודשית!R37 -> 722798.73 | E12: =B12-D12 -> 207255.78 | F12: =C12-D12 -> 286993.26
A13: 4 | B13: =השוואה_חודשית!P49 -> 977728.45 | C13: =השוואה_חודשית!Q49 -> 1090531 | D13: =השוואה_חודשית!R49 -> 889359.76 | E13: =B13-D13 -> 88368.686 | F13: =C13-D13 -> 201171.27
A14: 5 | B14: =השוואה_חודשית!P61 -> 1027741.8 | C14: =השוואה_חודשית!Q61 -> 1177417.8 | D14: =השוואה_חודשית!R61 -> 1070846.9 | E14: =B14-D14 -> -43105.084 | F14: =C14-D14 -> 106570.93
A15: 6 | B15: =השוואה_חודשית!P73 -> 1080209.2 | C15: =השוואה_חודשית!Q73 -> 1270957.9 | D15: =השוואה_חודשית!R73 -> 1268718 | E15: =B15-D15 -> -188508.74 | F15: =C15-D15 -> 2239.9106
A16: 7 | B16: =השוואה_חודשית!P85 -> 1135251.3 | C16: =השוואה_חודשית!Q85 -> 1371702 | D16: =השוואה_חודשית!R85 -> 1484576.3 | E16: =B16-D16 -> -349324.98 | F16: =C16-D16 -> -112874.32
A18: סיכום שנה אחרונה
A19: שווי נטו לאחר תקופת ההחזקה | B19: =B16 -> 1135251.3 | C19: =C16 -> 1371702 | D19: =D16 -> 1484576.3
A20: הפרש B מול A | B20: =C16-B16 -> 236450.66
A21: הפרש C מול A | B21: =D16-B16 -> 349324.98
A22: המסלול המנצח | B22: =IF(AND(B16>=C16,B16>=D16),"מסלול A - גר בדירה",IF(AND(C16>=B16,C16>=D16),"מסלול B - משכיר","מסלול C - לא קונה (S&P)")) -> מסלול C - לא קונה (S&P)
A24: שנה ראשונה בה מסלול C עוקף את מסלול A | B24: =IFERROR(INDEX(A10:A16,MATCH(TRUE(),INDEX(D10:D16>B10:B16,0),0)),"לא קורה בטווח שנבדק") -> 5
